,teamID,franchID,name,lgID,divID,yearID,IPouts
2385,ANA,ANA,Anaheim Angels,AL,W,2002,4357
2386,ARI,ARI,Arizona Diamondbacks,NL,W,2002,4340
2387,ATL,ATL,Atlanta Braves,NL,E,2002,4402
2388,BAL,BAL,Baltimore Orioles,AL,E,2002,4352
2389,BOS,BOS,Boston Red Sox,AL,E,2002,4338
2390,CHA,CHW,Chicago White Sox,AL,C,2002,4269
2391,CHN,CHC,Chicago Cubs,NL,C,2002,4324
2392,CIN,CIN,Cincinnati Reds,NL,C,2002,4361
2393,CLE,CLE,Cleveland Indians,AL,C,2002,4274
2394,COL,COL,Colorado Rockies,NL,W,2002,4280
2395,DET,DET,Detroit Tigers,AL,C,2002,4242
2396,FLO,FLA,Florida Marlins,NL,E,2002,4369
2397,HOU,HOU,Houston Astros,NL,C,2002,4335
2398,KCA,KCR,Kansas City Royals,AL,C,2002,4323
2399,LAN,LAD,Los Angeles Dodgers,NL,W,2002,4373
2400,MIL,MIL,Milwaukee Brewers,NL,C,2002,4297
2401,MIN,MIN,Minnesota Twins,AL,C,2002,4334
2402,MON,WSN,Montreal Expos,NL,E,2002,4359
2403,NYA,NYY,New York Yankees,AL,E,2002,4356
2404,NYN,NYM,New York Mets,NL,E,2002,4328
2405,OAK,OAK,Oakland Athletics,AL,W,2002,4356
2406,PHI,PHI,Philadelphia Phillies,NL,E,2002,4349
2407,PIT,PIT,Pittsburgh Pirates,NL,C,2002,4238
2408,SDN,SDP,San Diego Padres,NL,W,2002,4309
2409,SEA,SEA,Seattle Mariners,AL,W,2002,4336
2410,SFN,SFG,San Francisco Giants,NL,W,2002,4312
2411,SLN,STL,St. Louis Cardinals,NL,C,2002,4339
2412,TBA,TBD,Tampa Bay Devil Rays,AL,E,2002,4321
2413,TEX,TEX,Texas Rangers,AL,W,2002,4319
2414,TOR,TOR,Toronto Blue Jays,AL,E,2002,4315
2415,ANA,ANA,Anaheim Angels,AL,W,2003,4294
2416,ARI,ARI,Arizona Diamondbacks,NL,W,2003,4365
2417,ATL,ATL,Atlanta Braves,NL,E,2003,4369
2418,BAL,BAL,Baltimore Orioles,AL,E,2003,4349
2419,BOS,BOS,Boston Red Sox,AL,E,2003,4394
2420,CHA,CHW,Chicago White Sox,AL,C,2003,4293
2421,CHN,CHC,Chicago Cubs,NL,C,2003,4369
2422,CIN,CIN,Cincinnati Reds,NL,C,2003,4339
2423,CLE,CLE,Cleveland Indians,AL,C,2003,4378
2424,COL,COL,Colorado Rockies,NL,W,2003,4260
2425,DET,DET,Detroit Tigers,AL,C,2003,4316
2426,FLO,FLA,Florida Marlins,NL,E,2003,4336
2427,HOU,HOU,Houston Astros,NL,C,2003,4350
2428,KCA,KCR,Kansas City Royals,AL,C,2003,4316
2429,LAN,LAD,Los Angeles Dodgers,NL,W,2003,4373
2430,MIL,MIL,Milwaukee Brewers,NL,C,2003,4356
2431,MIN,MIN,Minnesota Twins,AL,C,2003,4386
2432,MON,WSN,Montreal Expos,NL,E,2003,4313
2433,NYA,NYY,New York Yankees,AL,E,2003,4386
2434,NYN,NYM,New York Mets,NL,E,2003,4240
2435,OAK,OAK,Oakland Athletics,AL,W,2003,4325
2436,PHI,PHI,Philadelphia Phillies,NL,E,2003,4331
2437,PIT,PIT,Pittsburgh Pirates,NL,C,2003,4333
2438,SDN,SDP,San Diego Padres,NL,W,2003,4294
2439,SEA,SEA,Seattle Mariners,AL,W,2003,4323
2440,SFN,SFG,San Francisco Giants,NL,W,2003,4312
2441,SLN,STL,St. Louis Cardinals,NL,C,2003,4391
2442,TBA,TBD,Tampa Bay Devil Rays,AL,E,2003,4310
2443,TEX,TEX,Texas Rangers,AL,W,2003,4300
2444,TOR,TOR,Toronto Blue Jays,AL,E,2003,4305
2445,ANA,ANA,Anaheim Angels,AL,W,2004,4363
2446,ARI,ARI,Arizona Diamondbacks,NL,W,2004,4308
2447,ATL,ATL,Atlanta Braves,NL,E,2004,4350
2448,BAL,BAL,Baltimore Orioles,AL,E,2004,4366
2449,BOS,BOS,Boston Red Sox,AL,E,2004,4354
2450,CHA,CHW,Chicago White Sox,AL,C,2004,4297
2451,CHN,CHC,Chicago Cubs,NL,C,2004,4396
2452,CIN,CIN,Cincinnati Reds,NL,C,2004,4331
2453,CLE,CLE,Cleveland Indians,AL,C,2004,4400
2454,COL,COL,Colorado Rockies,NL,W,2004,4306
2455,DET,DET,Detroit Tigers,AL,C,2004,4319
2456,FLO,FLA,Florida Marlins,NL,E,2004,4317
2457,HOU,HOU,Houston Astros,NL,C,2004,4329
2458,KCA,KCR,Kansas City Royals,AL,C,2004,4261
2459,LAN,LAD,Los Angeles Dodgers,NL,W,2004,4360
2460,MIL,MIL,Milwaukee Brewers,NL,C,2004,4326
2461,MIN,MIN,Minnesota Twins,AL,C,2004,4428
2462,MON,WSN,Montreal Expos,NL,E,2004,4341
2463,NYA,NYY,New York Yankees,AL,E,2004,4331
2464,NYN,NYM,New York Mets,NL,E,2004,4347
2465,OAK,OAK,Oakland Athletics,AL,W,2004,4414
2466,PHI,PHI,Philadelphia Phillies,NL,E,2004,4388
2467,PIT,PIT,Pittsburgh Pirates,NL,C,2004,4284
2468,SDN,SDP,San Diego Padres,NL,W,2004,4323
2469,SEA,SEA,Seattle Mariners,AL,W,2004,4378
2470,SFN,SFG,San Francisco Giants,NL,W,2004,4371
2471,SLN,STL,St. Louis Cardinals,NL,C,2004,4361
2472,TBA,TBD,Tampa Bay Devil Rays,AL,E,2004,4251
2473,TEX,TEX,Texas Rangers,AL,W,2004,4319
2474,TOR,TOR,Toronto Blue Jays,AL,E,2004,4263
2475,ARI,ARI,Arizona Diamondbacks,NL,W,2005,4369
2476,ATL,ATL,Atlanta Braves,NL,E,2005,4331
2477,BAL,BAL,Baltimore Orioles,AL,E,2005,4283
2478,BOS,BOS,Boston Red Sox,AL,E,2005,4287
2479,CHA,CHW,Chicago White Sox,AL,C,2005,4427
2480,CHN,CHC,Chicago Cubs,NL,C,2005,4320
2481,CIN,CIN,Cincinnati Reds,NL,C,2005,4299
2482,CLE,CLE,Cleveland Indians,AL,C,2005,4358
2483,COL,COL,Colorado Rockies,NL,W,2005,4256
2484,DET,DET,Detroit Tigers,AL,C,2005,4307
2485,FLO,FLA,Florida Marlins,NL,E,2005,4327
2486,HOU,HOU,Houston Astros,NL,C,2005,4329
2487,KCA,KCR,Kansas City Royals,AL,C,2005,4240
2488,LAA,ANA,Los Angeles Angels of Anaheim,AL,W,2005,4393
2489,LAN,LAD,Los Angeles Dodgers,NL,W,2005,4282
2490,MIL,MIL,Milwaukee Brewers,NL,C,2005,4314
2491,MIN,MIN,Minnesota Twins,AL,C,2005,4393
2492,NYA,NYY,New York Yankees,AL,E,2005,4292
2493,NYN,NYM,New York Mets,NL,E,2005,4307
2494,OAK,OAK,Oakland Athletics,AL,W,2005,4351
2495,PHI,PHI,Philadelphia Phillies,NL,E,2005,4305
2496,PIT,PIT,Pittsburgh Pirates,NL,C,2005,4308
2497,SDN,SDP,San Diego Padres,NL,W,2005,4366
2498,SEA,SEA,Seattle Mariners,AL,W,2005,4283
2499,SFN,SFG,San Francisco Giants,NL,W,2005,4333
2500,SLN,STL,St. Louis Cardinals,NL,C,2005,4337
2501,TBA,TBD,Tampa Bay Devil Rays,AL,E,2005,4265
2502,TEX,TEX,Texas Rangers,AL,W,2005,4320
2503,TOR,TOR,Toronto Blue Jays,AL,E,2005,4341
2504,WAS,WSN,Washington Nationals,NL,E,2005,4374
2505,ARI,ARI,Arizona Diamondbacks,NL,W,2006,4379
2506,ATL,ATL,Atlanta Braves,NL,E,2006,4324
2507,BAL,BAL,Baltimore Orioles,AL,E,2006,4257
2508,BOS,BOS,Boston Red Sox,AL,E,2006,4324
2509,CHA,CHW,Chicago White Sox,AL,C,2006,4347
2510,CHN,CHC,Chicago Cubs,NL,C,2006,4317
2511,CIN,CIN,Cincinnati Reds,NL,C,2006,4337
2512,CLE,CLE,Cleveland Indians,AL,C,2006,4270
2513,COL,COL,Colorado Rockies,NL,W,2006,4342
2514,DET,DET,Detroit Tigers,AL,C,2006,4344
2515,FLO,FLA,Florida Marlins,NL,E,2006,4300
2516,HOU,HOU,Houston Astros,NL,C,2006,4406
2517,KCA,KCR,Kansas City Royals,AL,C,2006,4279
2518,LAA,ANA,Los Angeles Angels of Anaheim,AL,W,2006,4358
2519,LAN,LAD,Los Angeles Dodgers,NL,W,2006,4381
2520,MIL,MIL,Milwaukee Brewers,NL,C,2006,4277
2521,MIN,MIN,Minnesota Twins,AL,C,2006,4318
2522,NYA,NYY,New York Yankees,AL,E,2006,4331
2523,NYN,NYM,New York Mets,NL,E,2006,4384
2524,OAK,OAK,Oakland Athletics,AL,W,2006,4355
2525,PHI,PHI,Philadelphia Phillies,NL,E,2006,4381
2526,PIT,PIT,Pittsburgh Pirates,NL,C,2006,4305
2527,SDN,SDP,San Diego Padres,NL,W,2006,4391
2528,SEA,SEA,Seattle Mariners,AL,W,2006,4340
2529,SFN,SFG,San Francisco Giants,NL,W,2006,4289
2530,SLN,STL,St. Louis Cardinals,NL,C,2006,4289
2531,TBA,TBD,Tampa Bay Devil Rays,AL,E,2006,4261
2532,TEX,TEX,Texas Rangers,AL,W,2006,4294
2533,TOR,TOR,Toronto Blue Jays,AL,E,2006,4285
2534,WAS,WSN,Washington Nationals,NL,E,2006,4309
2535,ARI,ARI,Arizona Diamondbacks,NL,W,2007,4323
2536,ATL,ATL,Atlanta Braves,NL,E,2007,4369
2537,BAL,BAL,Baltimore Orioles,AL,E,2007,4316
2538,BOS,BOS,Boston Red Sox,AL,E,2007,4316
2539,CHA,CHW,Chicago White Sox,AL,C,2007,4322
2540,CHN,CHC,Chicago Cubs,NL,C,2007,4340
2541,CIN,CIN,Cincinnati Reds,NL,C,2007,4349
2542,CLE,CLE,Cleveland Indians,AL,C,2007,4388
2543,COL,COL,Colorado Rockies,NL,W,2007,4416
2544,DET,DET,Detroit Tigers,AL,C,2007,4342
2545,FLO,FLA,Florida Marlins,NL,E,2007,4331
2546,HOU,HOU,Houston Astros,NL,C,2007,4394
2547,KCA,KCR,Kansas City Royals,AL,C,2007,4312
2548,LAA,ANA,Los Angeles Angels of Anaheim,AL,W,2007,4305
2549,LAN,LAD,Los Angeles Dodgers,NL,W,2007,4350
2550,MIL,MIL,Milwaukee Brewers,NL,C,2007,4333
2551,MIN,MIN,Minnesota Twins,AL,C,2007,4310
2552,NYA,NYY,New York Yankees,AL,E,2007,4352
2553,NYN,NYM,New York Mets,NL,E,2007,4357
2554,OAK,OAK,Oakland Athletics,AL,W,2007,4344
2555,PHI,PHI,Philadelphia Phillies,NL,E,2007,4375
2556,PIT,PIT,Pittsburgh Pirates,NL,C,2007,4343
2557,SDN,SDP,San Diego Padres,NL,W,2007,4454
2558,SEA,SEA,Seattle Mariners,AL,W,2007,4303
2559,SFN,SFG,San Francisco Giants,NL,W,2007,4361
2560,SLN,STL,St. Louis Cardinals,NL,C,2007,4307
2561,TBA,TBD,Tampa Bay Devil Rays,AL,E,2007,4289
2562,TEX,TEX,Texas Rangers,AL,W,2007,4290
2563,TOR,TOR,Toronto Blue Jays,AL,E,2007,4346
2564,WAS,WSN,Washington Nationals,NL,E,2007,4340
2565,ARI,ARI,Arizona Diamondbacks,NL,W,2008,4304
2566,ATL,ATL,Atlanta Braves,NL,E,2008,4322
2567,BAL,BAL,Baltimore Orioles,AL,E,2008,4266
2568,BOS,BOS,Boston Red Sox,AL,E,2008,4339
2569,CHA,CHW,Chicago White Sox,AL,C,2008,4373
2570,CHN,CHC,Chicago Cubs,NL,C,2008,4352
2571,CIN,CIN,Cincinnati Reds,NL,C,2008,4327
2572,CLE,CLE,Cleveland Indians,AL,C,2008,4311
2573,COL,COL,Colorado Rockies,NL,W,2008,4338
2574,DET,DET,Detroit Tigers,AL,C,2008,4335
2575,FLO,FLA,Florida Marlins,NL,E,2008,4306
2576,HOU,HOU,Houston Astros,NL,C,2008,4276
2577,KCA,KCR,Kansas City Royals,AL,C,2008,4337
2578,LAA,ANA,Los Angeles Angels of Anaheim,AL,W,2008,4354
2579,LAN,LAD,Los Angeles Dodgers,NL,W,2008,4342
2580,MIL,MIL,Milwaukee Brewers,NL,C,2008,4367
2581,MIN,MIN,Minnesota Twins,AL,C,2008,4377
2582,NYA,NYY,New York Yankees,AL,E,2008,4325
2583,NYN,NYM,New York Mets,NL,E,2008,4393
2584,OAK,OAK,Oakland Athletics,AL,W,2008,4305
2585,PHI,PHI,Philadelphia Phillies,NL,E,2008,4349
2586,PIT,PIT,Pittsburgh Pirates,NL,C,2008,4365
2587,SDN,SDP,San Diego Padres,NL,W,2008,4375
2588,SEA,SEA,Seattle Mariners,AL,W,2008,4306
2589,SFN,SFG,San Francisco Giants,NL,W,2008,4326
2590,SLN,STL,St. Louis Cardinals,NL,C,2008,4362
2591,TBA,TBD,Tampa Bay Rays,AL,E,2008,4373
2592,TEX,TEX,Texas Rangers,AL,W,2008,4326
2593,TOR,TOR,Toronto Blue Jays,AL,E,2008,4340
2594,WAS,WSN,Washington Nationals,NL,E,2008,4302
2595,ARI,ARI,Arizona Diamondbacks,NL,W,2009,4343
2596,ATL,ATL,Atlanta Braves,NL,E,2009,4388
2597,BAL,BAL,Baltimore Orioles,AL,E,2009,4287
2598,BOS,BOS,Boston Red Sox,AL,E,2009,4310
2599,CHA,CHW,Chicago White Sox,AL,C,2009,4319
2600,CHN,CHC,Chicago Cubs,NL,C,2009,4336
2601,CIN,CIN,Cincinnati Reds,NL,C,2009,4375
2602,CLE,CLE,Cleveland Indians,AL,C,2009,4302
2603,COL,COL,Colorado Rockies,NL,W,2009,4315
2604,DET,DET,Detroit Tigers,AL,C,2009,4341
2605,FLO,FLA,Florida Marlins,NL,E,2009,4339
2606,HOU,HOU,Houston Astros,NL,C,2009,4290
2607,KCA,KCR,Kansas City Royals,AL,C,2009,4278
2608,LAA,ANA,Los Angeles Angels of Anaheim,AL,W,2009,4335
2609,LAN,LAD,Los Angeles Dodgers,NL,W,2009,4420
2610,MIL,MIL,Milwaukee Brewers,NL,C,2009,4305
2611,MIN,MIN,Minnesota Twins,AL,C,2009,4359
2612,NYA,NYY,New York Yankees,AL,E,2009,4350
2613,NYN,NYM,New York Mets,NL,E,2009,4278
2614,OAK,OAK,Oakland Athletics,AL,W,2009,4342
2615,PHI,PHI,Philadelphia Phillies,NL,E,2009,4367
2616,PIT,PIT,Pittsburgh Pirates,NL,C,2009,4255
2617,SDN,SDP,San Diego Padres,NL,W,2009,4352
2618,SEA,SEA,Seattle Mariners,AL,W,2009,4358
2619,SFN,SFG,San Francisco Giants,NL,W,2009,4338
2620,SLN,STL,St. Louis Cardinals,NL,C,2009,4322
2621,TBA,TBD,Tampa Bay Rays,AL,E,2009,4282
2622,TEX,TEX,Texas Rangers,AL,W,2009,4304
2623,TOR,TOR,Toronto Blue Jays,AL,E,2009,4353
2624,WAS,WSN,Washington Nationals,NL,E,2009,4273
2625,ARI,ARI,Arizona Diamondbacks,NL,W,2010,4296
2626,ATL,ATL,Atlanta Braves,NL,E,2010,4318
2627,BAL,BAL,Baltimore Orioles,AL,E,2010,4309
2628,BOS,BOS,Boston Red Sox,AL,E,2010,4370
2629,CHA,CHW,Chicago White Sox,AL,C,2010,4339
2630,CHN,CHC,Chicago Cubs,NL,C,2010,4310
2631,CIN,CIN,Cincinnati Reds,NL,C,2010,4359
2632,CLE,CLE,Cleveland Indians,AL,C,2010,4299
2633,COL,COL,Colorado Rockies,NL,W,2010,4326
2634,DET,DET,Detroit Tigers,AL,C,2010,4333
2635,FLO,FLA,Florida Marlins,NL,E,2010,4315
2636,HOU,HOU,Houston Astros,NL,C,2010,4318
2637,KCA,KCR,Kansas City Royals,AL,C,2010,4310
2638,LAA,ANA,Los Angeles Angels of Anaheim,AL,W,2010,4348
2639,LAN,LAD,Los Angeles Dodgers,NL,W,2010,4325
2640,MIL,MIL,Milwaukee Brewers,NL,C,2010,4317
2641,MIN,MIN,Minnesota Twins,AL,C,2010,4358
2642,NYA,NYY,New York Yankees,AL,E,2010,4327
2643,NYN,NYM,New York Mets,NL,E,2010,4359
2644,OAK,OAK,Oakland Athletics,AL,W,2010,4295
2645,PHI,PHI,Philadelphia Phillies,NL,E,2010,4369
2646,PIT,PIT,Pittsburgh Pirates,NL,C,2010,4235
2647,SDN,SDP,San Diego Padres,NL,W,2010,4369
2648,SEA,SEA,Seattle Mariners,AL,W,2010,4314
2649,SFN,SFG,San Francisco Giants,NL,W,2010,4383
2650,SLN,STL,St. Louis Cardinals,NL,C,2010,4361
2651,TBA,TBD,Tampa Bay Rays,AL,E,2010,4361
2652,TEX,TEX,Texas Rangers,AL,W,2010,4366
2653,TOR,TOR,Toronto Blue Jays,AL,E,2010,4322
2654,WAS,WSN,Washington Nationals,NL,E,2010,4305
2655,ARI,ARI,Arizona Diamondbacks,NL,W,2011,4330
2656,ATL,ATL,Atlanta Braves,NL,E,2011,4439
2657,BAL,BAL,Baltimore Orioles,AL,E,2011,4340
2658,BOS,BOS,Boston Red Sox,AL,E,2011,4372
2659,CHA,CHW,Chicago White Sox,AL,C,2011,4380
2660,CHN,CHC,Chicago Cubs,NL,C,2011,4303
2661,CIN,CIN,Cincinnati Reds,NL,C,2011,4403
2662,CLE,CLE,Cleveland Indians,AL,C,2011,4360
2663,COL,COL,Colorado Rockies,NL,W,2011,4343
2664,DET,DET,Detroit Tigers,AL,C,2011,4320
2665,FLO,FLA,Florida Marlins,NL,E,2011,4379
2666,HOU,HOU,Houston Astros,NL,C,2011,4305
2667,KCA,KCR,Kansas City Royals,AL,C,2011,4354
2668,LAA,ANA,Los Angeles Angels of Anaheim,AL,W,2011,4395
2669,LAN,LAD,Los Angeles Dodgers,NL,W,2011,4296
2670,MIL,MIL,Milwaukee Brewers,NL,C,2011,4325
2671,MIN,MIN,Minnesota Twins,AL,C,2011,4265
2672,NYA,NYY,New York Yankees,AL,E,2011,4375
2673,NYN,NYM,New York Mets,NL,E,2011,4344
2674,OAK,OAK,Oakland Athletics,AL,W,2011,4343
2675,PHI,PHI,Philadelphia Phillies,NL,E,2011,4431
2676,PIT,PIT,Pittsburgh Pirates,NL,C,2011,4348
2677,SDN,SDP,San Diego Padres,NL,W,2011,4348
2678,SEA,SEA,Seattle Mariners,AL,W,2011,4299
2679,SFN,SFG,San Francisco Giants,NL,W,2011,4404
2680,SLN,STL,St. Louis Cardinals,NL,C,2011,4386
2681,TBA,TBD,Tampa Bay Rays,AL,E,2011,4347
2682,TEX,TEX,Texas Rangers,AL,W,2011,4324
2683,TOR,TOR,Toronto Blue Jays,AL,E,2011,4376
2684,WAS,WSN,Washington Nationals,NL,E,2011,4348
2685,ARI,ARI,Arizona Diamondbacks,NL,W,2012,4301
2686,ATL,ATL,Atlanta Braves,NL,E,2012,4336
2687,BAL,BAL,Baltimore Orioles,AL,E,2012,4449
2688,BOS,BOS,Boston Red Sox,AL,E,2012,4329
2689,CHA,CHW,Chicago White Sox,AL,C,2012,4337
2690,CHN,CHC,Chicago Cubs,NL,C,2012,4241
2691,CIN,CIN,Cincinnati Reds,NL,C,2012,4359
2692,CLE,CLE,Cleveland Indians,AL,C,2012,4326
2693,COL,COL,Colorado Rockies,NL,W,2012,4266
2694,DET,DET,Detroit Tigers,AL,C,2012,4292
2695,HOU,HOU,Houston Astros,NL,C,2012,4270
2696,KCA,KCR,Kansas City Royals,AL,C,2012,4354
2697,LAA,ANA,Los Angeles Angels of Anaheim,AL,W,2012,4300
2698,LAN,LAD,Los Angeles Dodgers,NL,W,2012,4349
2699,MIA,FLA,Miami Marlins,NL,E,2012,4322
2700,MIL,MIL,Milwaukee Brewers,NL,C,2012,4361
2701,MIN,MIN,Minnesota Twins,AL,C,2012,4316
2702,NYA,NYY,New York Yankees,AL,E,2012,4336
2703,NYN,NYM,New York Mets,NL,E,2012,4302
2704,OAK,OAK,Oakland Athletics,AL,W,2012,4410
2705,PHI,PHI,Philadelphia Phillies,NL,E,2012,4354
2706,PIT,PIT,Pittsburgh Pirates,NL,C,2012,4300
2707,SDN,SDP,San Diego Padres,NL,W,2012,4304
2708,SEA,SEA,Seattle Mariners,AL,W,2012,4370
2709,SFN,SFG,San Francisco Giants,NL,W,2012,4353
2710,SLN,STL,St. Louis Cardinals,NL,C,2012,4388
2711,TBA,TBD,Tampa Bay Rays,AL,E,2012,4379
2712,TEX,TEX,Texas Rangers,AL,W,2012,4326
2713,TOR,TOR,Toronto Blue Jays,AL,E,2012,4331
2714,WAS,WSN,Washington Nationals,NL,E,2012,4405
2715,ARI,ARI,Arizona Diamondbacks,NL,W,2013,4485
2716,ATL,ATL,Atlanta Braves,NL,E,2013,4351
2717,BAL,BAL,Baltimore Orioles,AL,E,2013,4359
2718,BOS,BOS,Boston Red Sox,AL,E,2013,4362
2719,CHA,CHW,Chicago White Sox,AL,C,2013,4365
2720,CHN,CHC,Chicago Cubs,NL,C,2013,4344
2721,CIN,CIN,Cincinnati Reds,NL,C,2013,4421
2722,CLE,CLE,Cleveland Indians,AL,C,2013,4324
2723,COL,COL,Colorado Rockies,NL,W,2013,4308
2724,DET,DET,Detroit Tigers,AL,C,2013,4388
2725,HOU,HOU,Houston Astros,AL,W,2013,4320
2726,KCA,KCR,Kansas City Royals,AL,C,2013,4345
2727,LAA,ANA,Los Angeles Angels of Anaheim,AL,W,2013,4373
2728,LAN,LAD,Los Angeles Dodgers,NL,W,2013,4351
2729,MIA,FLA,Miami Marlins,NL,E,2013,4380
2730,MIL,MIL,Milwaukee Brewers,NL,C,2013,4328
2731,MIN,MIN,Minnesota Twins,AL,C,2013,4351
2732,NYA,NYY,New York Yankees,AL,E,2013,4342
2733,NYN,NYM,New York Mets,NL,E,2013,4430
2734,OAK,OAK,Oakland Athletics,AL,W,2013,4356
2735,PHI,PHI,Philadelphia Phillies,NL,E,2013,4309
2736,PIT,PIT,Pittsburgh Pirates,NL,C,2013,4412
2737,SDN,SDP,San Diego Padres,NL,W,2013,4365
2738,SEA,SEA,Seattle Mariners,AL,W,2013,4395
2739,SFN,SFG,San Francisco Giants,NL,W,2013,4342
2740,SLN,STL,St. Louis Cardinals,NL,C,2013,4379
2741,TBA,TBD,Tampa Bay Rays,AL,E,2013,4392
2742,TEX,TEX,Texas Rangers,AL,W,2013,4390
2743,TOR,TOR,Toronto Blue Jays,AL,E,2013,4356
2744,WAS,WSN,Washington Nationals,NL,E,2013,4337
2745,ARI,ARI,Arizona Diamondbacks,NL,W,2014,4333
2746,ATL,ATL,Atlanta Braves,NL,E,2014,4365
2747,BAL,BAL,Baltimore Orioles,AL,E,2014,4384
2748,BOS,BOS,Boston Red Sox,AL,E,2014,4397
2749,CHA,CHW,Chicago White Sox,AL,C,2014,4323
2750,CHN,CHC,Chicago Cubs,NL,C,2014,4390
2751,CIN,CIN,Cincinnati Reds,NL,C,2014,4338
2752,CLE,CLE,Cleveland Indians,AL,C,2014,4405
2753,COL,COL,Colorado Rockies,NL,W,2014,4293
2754,DET,DET,Detroit Tigers,AL,C,2014,4362
2755,HOU,HOU,Houston Astros,AL,W,2014,4316
2756,KCA,KCR,Kansas City Royals,AL,C,2014,4352
2757,LAA,ANA,Los Angeles Angels of Anaheim,AL,W,2014,4448
2758,LAN,LAD,Los Angeles Dodgers,NL,W,2014,4394
2759,MIA,FLA,Miami Marlins,NL,E,2014,4373
2760,MIL,MIL,Milwaukee Brewers,NL,C,2014,4373
2761,MIN,MIN,Minnesota Twins,AL,C,2014,4305
2762,NYA,NYY,New York Yankees,AL,E,2014,4359
2763,NYN,NYM,New York Mets,NL,E,2014,4391
2764,OAK,OAK,Oakland Athletics,AL,W,2014,4390
2765,PHI,PHI,Philadelphia Phillies,NL,E,2014,4405
2766,PIT,PIT,Pittsburgh Pirates,NL,C,2014,4369
2767,SDN,SDP,San Diego Padres,NL,W,2014,4316
2768,SEA,SEA,Seattle Mariners,AL,W,2014,4356
2769,SFN,SFG,San Francisco Giants,NL,W,2014,4347
2770,SLN,STL,St. Louis Cardinals,NL,C,2014,4346
2771,TBA,TBD,Tampa Bay Rays,AL,E,2014,4391
2772,TEX,TEX,Texas Rangers,AL,W,2014,4279
2773,TOR,TOR,Toronto Blue Jays,AL,E,2014,4329
2774,WAS,WSN,Washington Nationals,NL,E,2014,4412
2775,ARI,ARI,Arizona Diamondbacks,NL,W,2015,4400
2776,ATL,ATL,Atlanta Braves,NL,E,2015,4276
2777,BAL,BAL,Baltimore Orioles,AL,E,2015,4304
2778,BOS,BOS,Boston Red Sox,AL,E,2015,4345
2779,CHA,CHW,Chicago White Sox,AL,C,2015,4358
2780,CHN,CHC,Chicago Cubs,NL,C,2015,4384
2781,CIN,CIN,Cincinnati Reds,NL,C,2015,4360
2782,CLE,CLE,Cleveland Indians,AL,C,2015,4298
2783,COL,COL,Colorado Rockies,NL,W,2015,4279
2784,DET,DET,Detroit Tigers,AL,C,2015,4341
2785,HOU,HOU,Houston Astros,AL,W,2015,4323
2786,KCA,KCR,Kansas City Royals,AL,C,2015,4356
2787,LAA,ANA,Los Angeles Angels of Anaheim,AL,W,2015,4322
2788,LAN,LAD,Los Angeles Dodgers,NL,W,2015,4337
2789,MIA,FLA,Miami Marlins,NL,E,2015,4281
2790,MIL,MIL,Milwaukee Brewers,NL,C,2015,4305
2791,MIN,MIN,Minnesota Twins,AL,C,2015,4329
2792,NYA,NYY,New York Yankees,AL,E,2015,4373
2793,NYN,NYM,New York Mets,NL,E,2015,4388
2794,OAK,OAK,Oakland Athletics,AL,W,2015,4334
2795,PHI,PHI,Philadelphia Phillies,NL,E,2015,4309
2796,PIT,PIT,Pittsburgh Pirates,NL,C,2015,4469
2797,SDN,SDP,San Diego Padres,NL,W,2015,4321
2798,SEA,SEA,Seattle Mariners,AL,W,2015,4389
2799,SFN,SFG,San Francisco Giants,NL,W,2015,4333
2800,SLN,STL,St. Louis Cardinals,NL,C,2015,4394
2801,TBA,TBD,Tampa Bay Rays,AL,E,2015,4360
2802,TEX,TEX,Texas Rangers,AL,W,2015,4328
2803,TOR,TOR,Toronto Blue Jays,AL,E,2015,4323
2804,WAS,WSN,Washington Nationals,NL,E,2015,4304
2805,ARI,ARI,Arizona Diamondbacks,NL,W,2016,4354
2806,ATL,ATL,Atlanta Braves,NL,E,2016,4343
2807,BAL,BAL,Baltimore Orioles,AL,E,2016,4296
2808,BOS,BOS,Boston Red Sox,AL,E,2016,4319
2809,CHA,CHW,Chicago White Sox,AL,C,2016,4340
2810,CHN,CHC,Chicago Cubs,NL,C,2016,4379
2811,CIN,CIN,Cincinnati Reds,NL,C,2016,4326
2812,CLE,CLE,Cleveland Indians,AL,C,2016,4335
2813,COL,COL,Colorado Rockies,NL,W,2016,4288
2814,DET,DET,Detroit Tigers,AL,C,2016,4284
2815,HOU,HOU,Houston Astros,AL,W,2016,4404
2816,KCA,KCR,Kansas City Royals,AL,C,2016,4320
2817,LAA,ANA,Los Angeles Angels of Anaheim,AL,W,2016,4264
2818,LAN,LAD,Los Angeles Dodgers,NL,W,2016,4359
2819,MIA,FLA,Miami Marlins,NL,E,2016,4305
2820,MIL,MIL,Milwaukee Brewers,NL,C,2016,4303
2821,MIN,MIN,Minnesota Twins,AL,C,2016,4329
2822,NYA,NYY,New York Yankees,AL,E,2016,4285
2823,NYN,NYM,New York Mets,NL,E,2016,4341
2824,OAK,OAK,Oakland Athletics,AL,W,2016,4300
2825,PHI,PHI,Philadelphia Phillies,NL,E,2016,4311
2826,PIT,PIT,Pittsburgh Pirates,NL,C,2016,4352
2827,SDN,SDP,San Diego Padres,NL,W,2016,4320
2828,SEA,SEA,Seattle Mariners,AL,W,2016,4371
2829,SFN,SFG,San Francisco Giants,NL,W,2016,4381
2830,SLN,STL,St. Louis Cardinals,NL,C,2016,4345
2831,TBA,TBD,Tampa Bay Rays,AL,E,2016,4279
2832,TEX,TEX,Texas Rangers,AL,W,2016,4329
2833,TOR,TOR,Toronto Blue Jays,AL,E,2016,4378
2834,WAS,WSN,Washington Nationals,NL,E,2016,4379
2835,ARI,ARI,Arizona Diamondbacks,NL,W,2017,4323
2836,ATL,ATL,Atlanta Braves,NL,E,2017,4324
2837,BAL,BAL,Baltimore Orioles,AL,E,2017,4323
2838,BOS,BOS,Boston Red Sox,AL,E,2017,4447
2839,CHA,CHW,Chicago White Sox,AL,C,2017,4265
2840,CHN,CHC,Chicago Cubs,NL,C,2017,4342
2841,CIN,CIN,Cincinnati Reds,NL,C,2017,4290
2842,CLE,CLE,Cleveland Indians,AL,C,2017,4322
2843,COL,COL,Colorado Rockies,NL,W,2017,4313
2844,DET,DET,Detroit Tigers,AL,C,2017,4261
2845,HOU,HOU,Houston Astros,AL,W,2017,4338
2846,KCA,KCR,Kansas City Royals,AL,C,2017,4313
2847,LAA,ANA,Los Angeles Angels of Anaheim,AL,W,2017,4322
2848,LAN,LAD,Los Angeles Dodgers,NL,W,2017,4334
2849,MIA,FLA,Miami Marlins,NL,E,2017,4328
2850,MIL,MIL,Milwaukee Brewers,NL,C,2017,4337
2851,MIN,MIN,Minnesota Twins,AL,C,2017,4308
2852,NYA,NYY,New York Yankees,AL,E,2017,4346
2853,NYN,NYM,New York Mets,NL,E,2017,4304
2854,OAK,OAK,Oakland Athletics,AL,W,2017,4293
2855,PHI,PHI,Philadelphia Phillies,NL,E,2017,4323
2856,PIT,PIT,Pittsburgh Pirates,NL,C,2017,4322
2857,SDN,SDP,San Diego Padres,NL,W,2017,4292
2858,SEA,SEA,Seattle Mariners,AL,W,2017,4321
2859,SFN,SFG,San Francisco Giants,NL,W,2017,4356
2860,SLN,STL,St. Louis Cardinals,NL,C,2017,4351
2861,TBA,TBD,Tampa Bay Rays,AL,E,2017,4335
2862,TEX,TEX,Texas Rangers,AL,W,2017,4303
2863,TOR,TOR,Toronto Blue Jays,AL,E,2017,4395
2864,WAS,WSN,Washington Nationals,NL,E,2017,4340
