"Name","Team","Age","IP","Balls","Strikes","Pitches","FB%","FBv","SL%","SLv","CT%","CTv","CB%","CBv","CH%","CHv","SF%","SFv","KN%","KNv","XX%","playerid"
"Tanyon Sturtze","Dodgers","37","2.1","13","26","39","68.4 %","90.8","","","","","","","","","31.6 %","83.1","","","2.6 %","1230"
"Aaron Miles","Cardinals","31","1.0","3","7","10","80.0 %","73.0","","","","","20.0 %","67.0","","","","","","","","1844"
"Joselo Diaz","Rangers","28","1.0","14","16","30","72.4 %","94.0","","","","","24.1 %","83.6","3.5 %","84.0","","","","","","2057"
"Phil Stockman","Braves","28","7.1","57","72","129","70.5 %","91.2","","","","","29.5 %","76.4","","","","","","","","2206"
"Tony Pena","Royals","27","1.0","4","8","12","66.7 %","89.8","33.3 %","75.5","","","","","","","","","","","","2240"
"Alex Serrano","Angels","27","1.0","2","8","10","60.0 %","86.5","10.0 %","84.0","","","","","30.0 %","82.7","","","","","","2436"
"Neal Musser","Royals","27","1.0","7","6","13","76.9 %","91.8","23.1 %","83.7","","","","","","","","","","","","2727"
"Jon Meloan","Indians","23","2.0","12","14","26","88.5 %","92.2","","","","","11.5 %","82.0","","","","","","","","3355"
"Juan Morillo","Rockies","24","1.0","5","13","18","77.8 %","98.5","11.1 %","89.0","","","","","11.1 %","88.0","","","","","","3369"
"Josh Kinney","Cardinals","29","7.0","31","63","94","61.7 %","89.5","34.0 %","82.2","","","3.2 %","78.0","1.1 %","","","","","","","3638"
"Mike Hinckley","Nationals","25","13.2","82","110","192","56.5 %","90.4","","","","","37.7 %","74.7","5.8 %","79.1","","","","","0.5 %","3769"
"Randy Wells","- - -","25","5.1","24","30","54","57.4 %","89.2","14.8 %","83.5","","","","","27.8 %","81.7","","","","","","4535"
"James McDonald","Dodgers","23","6.0","35","60","95","60.0 %","91.4","","","","","20.0 %","73.1","20.0 %","74.7","","","","","","5523"
"Jae Kuk Ryu","Rays","25","1.1","13","13","26","50.0 %","88.5","3.9 %","76.0","","","","","46.2 %","79.4","","","","","","8228"
"Andrew Carpenter","Phillies","23","1.0","9","10","19","73.3 %","89.5","6.7 %","80.0","","","","","6.7 %","85.0","13.3 %","84.5","","","21.1 %","9533"
"Joey Devine","Athletics","24","45.2","254","463","717","70.6 %","93.1","","","","","29.2 %","81.0","0.1 %","81.0","","","","","1.7 %","9862"
"Phil Coke","Yankees","25","14.2","69","132","201","60.0 %","93.3","34.5 %","83.0","","","","","5.5 %","84.4","","","","","0.5 %","5535"
"Jason Motte","Cardinals","26","11.0","61","110","171","89.4 %","96.6","8.8 %","88.0","","","","","","","1.8 %","83.7","","","0.6 %","5861"
"Jose Mijares","Twins","23","10.1","47","82","129","68.0 %","91.9","23.4 %","79.7","","","","","8.6 %","82.9","","","","","0.8 %","4140"
"Kurt Birkins","Rays","27","10.0","52","79","131","66.4 %","86.7","29.0 %","79.0","","","2.3 %","77.0","2.3 %","81.7","","","","","","7266"
"Brad Ziegler","Athletics","28","59.2","320","514","834","86.6 %","85.3","7.1 %","72.9","","","","","6.3 %","75.5","","","","","3.0 %","7293"
"Jim Miller","Orioles","26","7.2","59","98","157","50.0 %","92.3","31.8 %","85.5","","","18.2 %","74.3","","","","","","","1.9 %","7458"
"Joe Nathan","Twins","33","67.2","376","685","1061","60.8 %","93.5","31.3 %","88.3","","","7.9 %","80.6","","","","","","","1.9 %","1122"
"Mariano Rivera","Yankees","38","70.2","303","676","979","18.0 %","93.1","","","82.0 %","92.8","","","","","","","","","0.6 %","844"
"Grant Balfour","Rays","30","58.1","387","640","1027","91.3 %","94.6","6.6 %","87.0","","","0.8 %","81.4","1.3 %","87.5","","","","","1.3 %","718"
"Peter Moylan","Braves","29","5.2","18","52","70","78.6 %","92.2","21.4 %","78.6","","","","","","","","","","","","4891"
"Joakim Soria","Royals","24","67.1","351","694","1045","72.4 %","90.9","8.8 %","79.0","","","9.9 %","69.0","8.9 %","83.9","","","","","1.7 %","6941"
"Jose Arredondo","Angels","24","61.0","375","566","941","59.6 %","93.7","7.7 %","85.4","","","","","","","32.8 %","84.9","","","1.5 %","4722"
"Merkin Valdez","Giants","26","16.0","114","157","271","78.5 %","94.3","3.8 %","84.1","","","","","4.2 %","85.1","13.4 %","84.4","","","3.7 %","7019"
"Chris Carpenter","Cardinals","33","15.1","84","124","208","52.7 %","91.9","28.5 %","87.3","","","13.5 %","74.6","5.3 %","83.6","","","","","0.5 %","1292"
"Scott Downs","Blue Jays","32","70.2","443","651","1094","66.4 %","89.9","2.7 %","82.1","","","30.8 %","75.4","0.1 %","79.0","","","","","3.1 %","773"
"Rich Rundles","Indians","27","5.0","38","61","99","59.2 %","84.7","22.5 %","74.0","","","17.4 %","70.9","1.0 %","78.0","","","","","1.0 %","2760"
"Brian Bruney","Yankees","26","34.1","221","327","548","65.9 %","94.0","30.1 %","87.7","","","","","4.0 %","86.6","","","","","","1929"
"Yovani Gallardo","Brewers","22","24.0","148","237","385","58.8 %","90.2","6.9 %","83.0","","","30.6 %","77.2","3.7 %","83.5","","","","","2.1 %","8173"
"Craig Breslow","- - -","27","47.0","279","421","700","47.0 %","88.6","33.8 %","83.8","","","5.0 %","73.0","14.3 %","75.3","","","","","1.9 %","4363"
"Scott Patterson","- - -","29","4.2","50","58","108","74.8 %","90.0","1.9 %","80.5","","","23.4 %","72.2","","","","","","","0.9 %","5"
"David Price","Rays","22","14.0","87","149","236","68.5 %","94.2","30.2 %","86.9","","","","","1.3 %","85.7","","","","","0.4 %","3184"
"Brad Lidge","Phillies","31","69.1","479","759","1238","43.4 %","94.3","56.2 %","85.1","","","","","0.4 %","84.8","","","","","1.4 %","563"
"Joe Nelson","Marlins","33","54.0","357","574","931","65.2 %","89.6","0.4 %","85.3","","","1.1 %","73.3","33.3 %","79.1","","","","","1.5 %","108"
"Joe Beimel","Dodgers","31","49.0","306","508","814","84.8 %","86.7","","","","","11.4 %","74.1","3.8 %","79.7","","","","","1.7 %","979"
"Arthur Rhodes","- - -","38","35.1","210","389","599","69.3 %","91.4","27.8 %","83.6","","","","","2.9 %","85.4","","","","","3.3 %","1097"
"Rich Harden","- - -","26","148.0","893","1564","2457","63.8 %","92.0","","","","","","","36.2 %","84.8","","","","","1.2 %","1772"
"Franklyn German","Rangers","28","21.2","158","209","367","68.1 %","93.4","","","","","","","","","31.9 %","84.4","","","1.4 %","1603"
"Chad Cordero","Nationals","26","4.1","40","58","98","76.6 %","83.6","17.0 %","75.9","","","","","6.4 %","79.7","","","","","4.1 %","1816"
"Sergio Romo","Giants","25","34.0","188","304","492","64.7 %","88.9","32.0 %","77.5","","","","","3.3 %","80.4","","","","","1.6 %","9817"
"Mike MacDougal","White Sox","31","17.0","149","166","315","43.3 %","93.9","47.2 %","85.0","","","9.5 %","81.1","","","","","","","2.5 %","612"
"Chad Bradford","- - -","33","59.1","240","507","747","77.8 %","79.6","13.0 %","67.1","","","","","9.2 %","73.8","","","","","3.4 %","904"
"Hong-Chih Kuo","Dodgers","26","80.0","446","820","1266","79.3 %","92.9","13.1 %","83.7","","","6.5 %","75.3","1.1 %","84.6","","","","","1.2 %","7016"
"Steven Shell","Nationals","25","50.0","326","488","814","60.3 %","89.0","6.7 %","81.0","","","27.7 %","75.5","","","5.4 %","80.6","","","2.1 %","3681"
"Taylor Buchholz","Rockies","26","66.1","335","556","891","62.0 %","92.2","","","","","37.7 %","80.9","0.2 %","83.5","","","","","0.7 %","2168"
"Brandon League","Blue Jays","25","33.0","179","316","495","83.2 %","96.9","11.5 %","88.4","","","","","5.3 %","87.6","","","","","4.9 %","3731"
"J.P. Howell","Rays","25","89.1","576","904","1480","50.4 %","86.4","","","0.8 %","85.3","36.6 %","80.6","12.3 %","79.7","","","","","1.2 %","8245"
"Jim Johnson","Orioles","25","68.2","396","649","1045","75.9 %","93.5","","","","","21.3 %","78.3","2.8 %","85.6","","","","","2.2 %","3656"
"Francisco Rodriguez","Angels","26","68.1","466","704","1170","50.7 %","91.9","","","","","32.4 %","79.6","16.9 %","84.5","","","","","1.7 %","1642"
"Brian Gordon","Rangers","29","4.0","23","38","61","67.2 %","88.4","21.3 %","79.4","","","8.2 %","68.5","3.3 %","81.0","","","","","","2374"
"Jesse Carlson","Blue Jays","27","60.0","295","601","896","42.7 %","88.5","57.2 %","79.7","","","","","0.1 %","82.0","","","","","5.9 %","4391"
"Cory Wade","Dodgers","25","71.1","348","710","1058","55.2 %","89.1","","","","","28.7 %","74.2","16.1 %","81.2","","","","","0.8 %","7570"
"Jeff Samardzija","Cubs","23","27.2","202","284","486","68.6 %","94.7","10.4 %","82.8","","","","","5.3 %","85.4","15.7 %","85.7","","","2.5 %","3254"
"Billy Wagner","Mets","36","47.0","232","465","697","71.1 %","94.5","28.5 %","82.8","","","","","0.4 %","87.7","","","","","1.3 %","578"
"Russ Springer","Cardinals","39","50.1","299","553","852","61.1 %","91.5","","","23.8 %","85.8","15.0 %","76.9","0.1 %","86.0","","","","","1.3 %","1652"
"Dennys Reyes","Twins","31","46.1","251","418","669","47.2 %","89.8","44.8 %","83.8","","","","","8.0 %","84.5","","","","","1.4 %","444"
"Jonathan Papelbon","Red Sox","27","69.1","319","732","1051","81.2 %","95.3","6.1 %","86.6","","","","","","","12.6 %","89.4","","","0.6 %","5975"
"Alfredo Aceves","Yankees","25","30.0","160","301","461","48.9 %","91.0","","","23.0 %","88.1","11.2 %","77.2","16.9 %","83.4","","","","","0.9 %","5164"
"Javier Lopez","Red Sox","30","59.1","371","590","961","68.0 %","87.6","20.1 %","76.3","","","","","11.9 %","79.8","","","","","0.5 %","1663"
"Brian Wolfe","Blue Jays","27","22.0","114","198","312","58.7 %","92.9","","","23.9 %","90.5","15.7 %","80.4","1.7 %","85.0","","","","","5.8 %","8515"
"Jon Adkins","Reds","30","3.2","31","36","67","58.5 %","90.1","38.5 %","82.3","","","","","3.1 %","82.0","","","","","3.0 %","1799"
"Mike Adams","Padres","29","65.1","344","670","1014","53.6 %","92.0","10.5 %","83.3","17.1 %","88.5","17.8 %","79.8","1.0 %","83.9","","","","","1.0 %","1937"
"Takashi Saito","Dodgers","38","47.0","307","545","852","64.5 %","92.3","26.1 %","82.7","","","9.3 %","77.7","","","0.1 %","79.0","","","0.9 %","6021"
"Geoff Geary","Astros","31","64.0","372","636","1008","65.8 %","91.5","15.9 %","82.5","","","16.0 %","80.4","2.2 %","84.8","","","","","2.2 %","1813"
"Johan Santana","Mets","29","234.1","1211","2387","3598","59.6 %","91.2","11.7 %","83.5","","","","","28.7 %","80.0","","","","","1.6 %","755"
"Cliff Lee","Indians","29","223.1","1010","2279","3289","70.1 %","90.5","","","7.3 %","84.8","9.6 %","74.7","12.9 %","82.4","","","","","1.2 %","1636"
"Justin Duchscherer","Athletics","30","141.2","732","1317","2049","44.4 %","86.0","","","30.5 %","81.5","24.3 %","69.9","0.8 %","80.3","","","","","1.2 %","910"
"John Smoltz","Braves","41","28.0","157","292","449","41.5 %","92.3","35.8 %","86.1","","","7.7 %","78.2","5.0 %","83.3","10.0 %","87.7","","","0.9 %","115"
"Rafael Soriano","Braves","28","14.0","91","143","234","66.4 %","93.0","31.0 %","81.1","","","","","2.7 %","84.5","","","","","3.4 %","1100"
"Joba Chamberlain","Yankees","22","100.1","637","1074","1711","65.3 %","95.0","25.2 %","85.1","","","7.9 %","77.2","1.7 %","82.6","","","","","1.6 %","2692"
"Hideki Okajima","Red Sox","32","62.0","399","634","1033","53.9 %","88.1","","","","","25.1 %","75.9","","","21.0 %","83.1","","","0.7 %","7763"
"Juan Cruz","Diamondbacks","29","51.2","384","606","990","67.2 %","94.3","28.0 %","80.9","","","0.5 %","75.0","4.3 %","82.8","","","","","0.5 %","273"
"Tim Lincecum","Giants","24","227.0","1347","2335","3682","66.1 %","94.1","1.7 %","84.5","","","13.7 %","79.6","18.6 %","83.7","","","","","1.7 %","5705"
"Scott Lewis","Indians","24","24.0","128","257","385","65.9 %","87.3","7.8 %","76.9","","","8.1 %","72.5","18.2 %","77.7","","","","","0.3 %","7322"
"Bobby Jenks","White Sox","27","61.2","266","550","816","71.6 %","93.9","14.9 %","88.4","","","10.2 %","82.7","3.3 %","83.7","","","","","2.2 %","8645"
"Ramon Ramirez","Royals","26","71.2","437","691","1128","48.0 %","92.5","18.6 %","87.2","","","","","33.4 %","87.9","","","","","2.8 %","7986"
"Ramon Ramirez","Reds","25","27.0","157","276","433","48.4 %","89.7","3.5 %","81.1","","","","","48.1 %","81.4","","","","","1.4 %","2899"
"Josh Geer","Padres","25","27.0","167","302","469","64.4 %","87.7","13.9 %","80.9","","","","","21.7 %","77.5","","","","","1.7 %","4781"
"Matt Thornton","White Sox","31","67.1","340","700","1040","83.1 %","95.3","12.6 %","85.7","","","","","4.3 %","88.5","","","","","2.0 %","1918"
"Carlos Marmol","Cubs","25","87.1","580","929","1509","48.2 %","93.7","51.9 %","81.9","","","","","","","","","","","1.6 %","2790"
"Scot Shields","Angels","32","63.1","409","659","1068","76.1 %","92.0","","","","","23.7 %","80.0","0.3 %","85.3","","","","","3.3 %","35"
"Carlos Rosa","Royals","23","3.1","15","36","51","64.0 %","94.3","22.0 %","86.5","","","","","14.0 %","87.4","","","","","2.0 %","8529"
"CC Sabathia","- - -","27","253.0","1284","2530","3814","53.9 %","93.7","25.2 %","80.5","","","","","20.8 %","86.1","","","","","0.5 %","404"
"Brian Fuentes","Rockies","32","62.2","398","719","1117","72.2 %","91.6","17.5 %","77.2","","","","","10.3 %","72.6","","","","","0.4 %","429"
"J.C. Romero","Phillies","32","59.0","452","582","1034","69.2 %","91.1","18.2 %","79.3","","","","","12.6 %","78.9","","","","","2.2 %","754"
"Anthony Reyes","- - -","26","49.0","276","508","784","71.3 %","90.9","","","","","19.0 %","78.9","9.6 %","79.0","","","","","0.8 %","7105"
"Roy Halladay","Blue Jays","31","246.0","1190","2370","3560","40.7 %","92.7","","","33.2 %","90.3","22.8 %","77.7","3.4 %","84.8","","","","","2.0 %","1303"
"Brian Shouse","Brewers","39","51.1","263","468","731","73.6 %","80.5","23.1 %","74.4","","","","","3.3 %","75.5","","","","","4.1 %","630"
"Chad Qualls","Diamondbacks","29","73.2","352","709","1061","69.8 %","92.6","30.0 %","86.4","","","","","","","0.2 %","86.5","","","1.3 %","2170"
"Shane Loux","Angels","28","16.0","87","144","231","78.5 %","90.7","16.2 %","85.0","","","1.3 %","78.7","4.0 %","84.1","","","","","1.3 %","1613"
"John Grabow","Pirates","29","76.0","494","731","1225","45.4 %","90.8","16.3 %","84.6","","","","","38.4 %","83.2","","","","","2.5 %","1848"
"Mark DiFelice","Brewers","31","19.0","106","228","334","12.0 %","87.3","","","81.1 %","83.0","1.8 %","73.5","5.1 %","80.0","","","","","0.3 %","2468"
"Jake Peavy","Padres","27","173.2","1046","1814","2860","57.4 %","92.1","19.2 %","81.3","15.8 %","85.6","1.5 %","74.2","6.1 %","84.1","","","","","1.3 %","1051"
"Bill Bray","Reds","25","47.0","278","523","801","49.0 %","91.8","50.9 %","85.0","","","","","0.1 %","84.0","","","","","3.4 %","8538"
"Chad Durbin","Phillies","30","87.2","573","844","1417","46.9 %","90.2","38.1 %","86.4","0.9 %","89.3","6.5 %","76.8","7.6 %","81.9","","","","","3.0 %","1442"
"Darren Oliver","Angels","37","72.0","390","711","1101","63.9 %","88.9","35.4 %","77.9","","","","","0.7 %","83.0","","","","","1.0 %","206"
"Brian Tallet","Blue Jays","30","56.1","352","580","932","62.2 %","89.6","20.4 %","82.3","0.1 %","88.0","","","17.3 %","82.3","","","","","1.6 %","1646"
"Chris Volstad","Marlins","21","84.1","508","804","1312","67.0 %","90.5","","","","","24.2 %","79.1","8.8 %","83.1","","","","","2.2 %","9901"
"Daisuke Matsuzaka","Red Sox","27","167.2","1142","1762","2904","52.2 %","91.8","23.1 %","81.7","15.0 %","88.6","4.1 %","78.5","3.8 %","82.2","1.8 %","82.9","","","0.7 %","7775"
"Justin Hampson","Padres","28","30.2","216","341","557","28.2 %","87.2","49.9 %","82.7","","","17.3 %","73.3","4.6 %","80.0","","","","","1.4 %","2209"
"B.J. Ryan","Blue Jays","32","58.0","421","662","1083","79.5 %","88.9","20.2 %","82.5","","","","","0.3 %","83.7","","","","","3.6 %","168"
"Ryan Dempster","Cubs","31","206.2","1232","2109","3341","55.9 %","91.1","27.5 %","84.6","","","","","","","16.7 %","82.3","","","1.2 %","517"
"Juan Oviedo","Royals","26","48.1","235","471","706","61.3 %","94.4","18.7 %","83.6","","","","","20.0 %","84.9","","","","","4.8 %","2886"
"Ty Taubenheim","Pirates","25","6.0","49","52","101","80.2 %","88.9","14.9 %","81.1","","","2.0 %","74.0","3.0 %","82.7","","","","","","5561"
"Jason Grilli","- - -","31","75.0","513","787","1300","58.3 %","92.3","38.7 %","84.1","","","","","3.0 %","83.0","","","","","2.3 %","521"
"Matt Capps","Pirates","24","53.2","236","491","727","79.0 %","91.6","14.5 %","82.9","","","","","6.5 %","84.6","","","","","0.3 %","4788"
"Ryan Madson","Phillies","27","82.2","441","814","1255","57.5 %","92.9","","","15.3 %","89.6","3.5 %","77.5","23.7 %","80.9","","","","","1.7 %","1852"
"Max Scherzer","Diamondbacks","23","56.0","336","593","929","72.5 %","94.2","17.0 %","84.4","","","","","10.5 %","84.7","","","","","0.7 %","3137"
"Ben Sheets","Brewers","29","198.1","1052","2002","3054","61.8 %","92.6","","","","","33.0 %","80.0","5.2 %","86.1","","","","","2.3 %","710"
"Andrew Brown","Athletics","27","35.0","252","329","581","67.5 %","91.8","18.9 %","85.0","2.5 %","89.8","3.9 %","81.2","7.3 %","83.1","","","","","1.2 %","2115"
"Cole Hamels","Phillies","24","227.1","1135","2292","3427","54.8 %","90.4","","","","","13.7 %","75.6","31.5 %","79.9","","","","","1.3 %","4972"
"Jerry Blevins","Athletics","24","37.2","235","391","626","69.5 %","91.1","","","","","27.9 %","73.0","2.6 %","83.7","","","","","1.9 %","7841"
"Jake Westbrook","Indians","30","34.2","185","319","504","65.3 %","90.7","15.0 %","81.0","7.2 %","86.8","","","12.4 %","80.5","","","","","1.0 %","412"
"Dan Wheeler","Rays","30","66.1","370","650","1020","69.6 %","88.9","16.3 %","79.4","","","6.3 %","76.8","7.9 %","83.6","","","","","2.8 %","120"
"Frank Francisco","Rangers","28","63.1","405","723","1128","77.7 %","94.7","","","","","8.8 %","78.2","","","13.5 %","85.7","","","0.7 %","1933"
"Jonathan Broxton","Dodgers","24","69.0","402","773","1175","75.0 %","96.3","22.3 %","87.7","","","","","2.7 %","88.8","","","","","1.1 %","4759"
"Chad Billingsley","Dodgers","23","200.2","1235","2089","3324","58.9 %","91.5","2.3 %","85.2","18.6 %","87.6","17.5 %","77.8","2.8 %","84.0","","","","","1.3 %","5842"
"Matt Lindstrom","Marlins","28","57.1","329","576","905","77.0 %","96.9","19.5 %","83.5","","","","","","","3.5 %","87.7","","","2.7 %","4604"
"Justin Masterson","Red Sox","23","88.1","540","845","1385","66.7 %","89.5","30.2 %","81.1","","","","","3.1 %","81.6","","","","","1.2 %","2038"
"Tim Hudson","Braves","32","142.0","736","1272","2008","62.5 %","90.3","18.3 %","85.0","","","4.3 %","75.8","7.0 %","79.8","7.9 %","81.9","","","3.0 %","921"
"Mitch Stetter","Brewers","27","25.1","193","261","454","49.2 %","84.4","50.8 %","76.5","","","","","","","","","","","2.2 %","5579"
"Adam Wainwright","Cardinals","26","132.0","729","1222","1951","53.7 %","90.1","21.5 %","84.0","","","17.9 %","73.2","6.9 %","80.6","","","","","0.6 %","2233"
"Jon Lester","Red Sox","24","210.1","1199","2110","3309","56.6 %","92.1","","","22.7 %","88.4","17.2 %","76.2","3.6 %","83.9","","","","","1.6 %","4930"
"Billy Buckner","Diamondbacks","24","14.0","99","136","235","64.0 %","90.5","","","4.0 %","81.1","23.3 %","79.5","8.8 %","82.8","","","","","1.3 %","8253"
"Edinson Volquez","Reds","24","196.0","1313","2073","3386","55.4 %","93.6","3.6 %","82.4","","","9.1 %","78.1","31.9 %","82.4","","","","","1.2 %","3990"
"Roy Corcoran","Mariners","28","72.2","459","673","1132","77.8 %","91.7","14.5 %","82.4","","","","","7.7 %","84.4","","","","","2.2 %","1780"
"Jared Burton","Reds","27","58.2","369","617","986","25.1 %","92.2","16.7 %","86.5","51.6 %","91.7","","","6.6 %","87.1","","","","","2.7 %","8346"
"Kameron Loe","Rangers","26","30.2","171","329","500","71.3 %","89.5","3.9 %","83.5","","","19.8 %","77.4","5.1 %","82.0","","","","","1.0 %","4422"
"Derek Lowe","Dodgers","35","211.0","1174","1963","3137","61.3 %","89.2","31.8 %","82.9","","","","","6.9 %","83.7","","","","","1.6 %","199"
"David Weathers","Reds","38","69.1","492","704","1196","59.5 %","87.3","32.9 %","82.2","","","","","7.6 %","82.8","","","","","4.6 %","902"
"Kerry Wood","Cubs","31","66.1","354","722","1076","68.4 %","94.8","22.9 %","82.7","0.6 %","90.3","8.2 %","80.4","","","","","","","2.1 %","304"
"Clay Condrey","Phillies","32","69.0","364","647","1011","59.3 %","90.0","15.0 %","83.8","16.8 %","88.1","","","8.9 %","82.3","","","","","2.9 %","1579"
"Manny Delcarmen","Red Sox","26","74.1","487","788","1275","67.2 %","95.5","","","","","17.6 %","77.8","15.1 %","83.4","","","","","0.4 %","3180"
"Kent Mercker","Reds","40","13.2","93","133","226","65.1 %","88.4","11.9 %","82.5","","","","","22.9 %","80.1","","","","","3.1 %","439"
"Brandon Webb","Diamondbacks","29","226.2","1217","2141","3358","71.0 %","88.0","","","0.7 %","83.7","11.8 %","73.7","16.5 %","77.8","","","","","1.4 %","1692"
"John Danks","White Sox","23","195.0","1100","2044","3144","52.6 %","91.3","4.6 %","83.9","16.4 %","87.1","6.2 %","77.0","20.2 %","82.8","","","","","1.4 %","6329"
"Francisco Cordero","Reds","33","70.1","501","771","1272","52.0 %","94.6","37.3 %","86.8","","","","","10.7 %","86.1","","","","","1.7 %","1243"
"Jeremy Affeldt","Reds","29","78.1","504","799","1303","62.8 %","94.6","","","","","31.0 %","79.1","6.1 %","86.9","","","","","1.0 %","583"
"Dan Haren","Diamondbacks","27","216.0","1132","2207","3339","50.3 %","91.2","","","6.6 %","87.8","24.7 %","80.8","","","18.4 %","85.1","","","1.2 %","1757"
"Scott Schoeneweis","Mets","34","56.2","341","562","903","78.8 %","88.8","20.8 %","80.7","","","","","0.5 %","81.5","","","","","3.0 %","33"
"Brandon Morrow","Mariners","23","64.2","421","695","1116","70.7 %","95.5","16.2 %","84.8","","","1.9 %","81.8","0.9 %","85.8","10.3 %","85.3","","","0.8 %","9346"
"Mike Mussina","Yankees","39","200.1","1050","2085","3135","50.3 %","86.4","20.0 %","81.5","","","24.4 %","73.2","5.2 %","70.4","0.2 %","79.0","","","1.0 %","837"
"Jose Valverde","Astros","30","72.0","411","832","1243","74.1 %","95.5","1.4 %","83.6","","","","","","","24.5 %","84.3","","","1.7 %","1726"
"Shaun Marcum","Blue Jays","26","151.1","873","1457","2330","38.9 %","86.8","12.2 %","81.4","18.1 %","84.7","8.6 %","74.7","22.2 %","81.1","","","","","6.1 %","6204"
"Chan Ho Park","Dodgers","35","95.1","571","1035","1606","51.3 %","92.6","32.3 %","84.9","","","11.9 %","77.8","4.6 %","83.1","","","","","2.5 %","1267"
"Alex Hinshaw","Giants","25","39.2","310","432","742","75.2 %","92.4","2.7 %","82.7","","","20.4 %","72.8","1.7 %","84.1","","","","","1.6 %","3941"
"Cesar Jimenez","Mariners","23","34.1","210","329","539","54.0 %","90.0","12.8 %","79.1","","","6.2 %","77.2","27.0 %","79.0","","","","","1.7 %","3762"
"Kevin Gregg","Marlins","30","68.2","527","763","1290","65.0 %","93.1","23.6 %","83.4","0.1 %","90.0","","","0.6 %","83.7","10.6 %","85.6","","","1.3 %","1793"
"Joe Saunders","Angels","27","198.0","1149","1855","3004","63.3 %","91.0","4.2 %","81.1","","","11.2 %","76.6","21.3 %","81.7","","","","","0.9 %","4366"
"Ryan Rowland-Smith","Mariners","25","118.1","723","1224","1947","54.9 %","88.7","9.3 %","77.2","","","16.9 %","71.4","18.9 %","79.3","","","","","2.2 %","3245"
"Scott Baker","Twins","26","172.1","844","1850","2694","61.2 %","90.7","19.0 %","81.9","","","12.5 %","78.0","7.3 %","82.0","","","","","1.4 %","6176"
"Felix Hernandez","Mariners","22","200.2","1172","2027","3199","65.9 %","94.6","12.3 %","87.1","","","8.5 %","82.0","13.3 %","87.5","","","","","2.7 %","4772"
"Chris Perez","Cardinals","22","41.2","280","479","759","75.0 %","95.2","24.6 %","85.1","","","0.4 %","81.3","","","","","","","2.6 %","5213"
"Zack Greinke","Royals","24","202.1","1170","2057","3227","61.5 %","93.3","18.8 %","85.3","","","12.0 %","74.4","7.7 %","82.0","","","","","1.5 %","1943"
"Joel Zumaya","Tigers","23","23.1","192","258","450","82.8 %","97.5","","","","","14.5 %","81.8","2.8 %","86.0","","","","","3.1 %","4699"
"Ron Mahay","Royals","37","64.2","450","645","1095","58.5 %","90.5","20.9 %","81.9","","","","","20.6 %","83.5","","","","","2.1 %","290"
"Scott Kazmir","Rays","24","152.1","1010","1739","2749","75.3 %","91.7","9.6 %","82.0","","","","","15.1 %","78.8","","","","","1.0 %","4897"
"Salomon Torres","Brewers","36","80.0","500","782","1282","75.2 %","92.3","5.3 %","81.8","","","6.2 %","78.4","","","13.3 %","85.4","","","4.7 %","1628"
"Matt Albers","Orioles","25","49.0","331","453","784","76.7 %","91.1","","","","","22.6 %","78.0","0.7 %","81.4","","","","","1.4 %","4300"
"Eric Stults","Dodgers","28","38.2","224","396","620","63.6 %","89.1","","","","","12.4 %","74.8","24.0 %","79.7","","","","","0.3 %","8011"
"Ervin Santana","Angels","25","219.0","1169","2259","3428","61.4 %","94.4","34.7 %","83.7","","","","","3.9 %","85.8","","","","","1.1 %","3200"
"Brian Stokes","Mets","28","33.1","192","338","530","69.3 %","95.0","","","","","20.9 %","79.9","9.9 %","78.9","","","","","2.1 %","8653"
"Ricky Nolasco","Marlins","25","212.1","1050","2193","3243","51.6 %","91.2","15.9 %","83.9","","","26.5 %","75.0","","","6.0 %","82.8","","","1.3 %","3830"
"Scott Elarton","Indians","32","15.1","106","167","273","61.5 %","89.1","9.9 %","82.1","","","16.0 %","76.5","12.6 %","78.9","","","","","4.0 %","426"
"A.J. Murray","Rangers","26","7.2","60","86","146","69.0 %","87.1","8.3 %","86.0","","","9.0 %","73.5","13.8 %","78.8","","","","","0.7 %","3422"
"Dan Giese","Yankees","31","43.1","268","454","722","54.1 %","86.7","45.4 %","76.2","","","","","0.4 %","75.7","","","","","1.7 %","2656"
"Rudy Seanez","Phillies","39","43.1","289","416","705","37.8 %","90.9","39.3 %","82.0","","","","","22.9 %","85.3","","","","","3.1 %","1279"
"Roy Oswalt","Astros","30","208.2","987","2107","3094","66.0 %","92.6","12.1 %","84.0","","","18.0 %","70.0","3.9 %","83.5","","","","","2.3 %","571"
"Rafael Perez","Indians","26","76.1","386","801","1187","50.4 %","89.6","49.5 %","83.7","","","","","0.1 %","82.0","","","","","1.4 %","4078"
"Wandy Rodriguez","Astros","29","137.1","819","1457","2276","63.0 %","88.9","","","","","29.9 %","75.6","7.1 %","83.0","","","","","2.4 %","2586"
"Aquilino Lopez","Tigers","33","78.2","438","836","1274","54.1 %","90.6","33.0 %","79.3","","","","","","","12.9 %","85.3","","","1.9 %","1671"
"Ryan Franklin","Cardinals","35","78.2","475","845","1320","51.8 %","91.6","23.3 %","85.3","3.3 %","89.0","9.5 %","76.7","1.2 %","84.4","10.6 %","85.5","0.4 %","75.8","1.6 %","1076"
"Randy Messenger","Mariners","26","12.2","77","149","226","51.9 %","91.8","21.3 %","84.7","","","21.3 %","75.8","5.6 %","83.3","","","","","3.1 %","2658"
"Joe Smith","Mets","24","63.1","407","624","1031","66.9 %","89.4","31.1 %","80.1","","","","","2.1 %","80.4","","","","","2.1 %","3281"
"James Shields","Rays","26","215.0","1122","2009","3131","44.9 %","90.4","","","19.2 %","87.2","9.6 %","76.8","26.3 %","81.9","","","","","0.9 %","7059"
"Manny Acosta","Braves","27","53.0","354","492","846","60.9 %","93.8","","","","","25.0 %","80.7","14.1 %","85.4","","","","","6.0 %","8725"
"Keiichi Yabu","Giants","39","68.0","451","678","1129","60.2 %","90.2","7.0 %","84.3","11.2 %","86.6","12.4 %","75.7","","","9.3 %","83.5","","","1.5 %","8624"
"Heath Bell","Padres","30","78.0","497","839","1336","71.9 %","93.4","","","","","27.9 %","82.2","0.2 %","83.7","","","","","1.4 %","2080"
"Jesse Litsch","Blue Jays","23","176.0","996","1759","2755","23.9 %","89.9","11.4 %","81.9","43.4 %","85.5","12.0 %","76.6","9.4 %","80.5","","","","","1.8 %","3688"
"Jose Veras","Yankees","27","57.2","417","594","1011","65.5 %","94.9","","","","","31.1 %","78.4","","","3.4 %","87.0","","","2.3 %","2063"
"Buddy Carlyle","Braves","30","62.2","362","648","1010","73.3 %","90.4","","","19.1 %","86.3","2.2 %","75.1","5.4 %","81.4","","","","","2.6 %","2010"
"Jesse Crain","Twins","26","62.2","376","653","1029","61.5 %","94.1","26.3 %","89.2","","","11.9 %","77.0","0.3 %","82.0","","","","","1.5 %","4817"
"Erick Threets","Giants","26","10.0","89","89","178","74.9 %","93.2","6.6 %","78.1","","","","","18.6 %","78.9","","","","","3.9 %","3158"
"Michael Bowden","Red Sox","21","5.0","27","62","89","71.9 %","91.7","","","","","12.4 %","78.5","15.7 %","84.1","","","","","","4440"
"Jorge Julio","- - -","29","30.0","223","311","534","52.3 %","93.5","32.3 %","81.7","","","","","15.5 %","84.2","","","","","1.9 %","148"
"Kevin Cameron","Padres","28","10.0","62","108","170","22.6 %","89.9","14.0 %","77.8","62.8 %","90.0","","","0.6 %","84.0","","","","","3.5 %","3523"
"Josh Johnson","Marlins","24","87.1","512","900","1412","66.9 %","93.5","23.9 %","86.5","","","","","9.2 %","87.9","","","","","1.8 %","4567"
"Michael Wuertz","Cubs","29","44.2","276","455","731","28.9 %","90.9","60.8 %","85.8","","","0.8 %","79.0","9.5 %","83.5","","","","","2.1 %","1856"
"Jeremy Guthrie","Orioles","29","190.2","1121","1942","3063","64.1 %","93.2","18.1 %","84.3","","","6.3 %","73.9","11.4 %","84.9","","","","","1.7 %","2072"
"Erik Bedard","Mariners","29","81.0","514","857","1371","62.5 %","90.9","","","2.4 %","89.7","32.7 %","76.5","2.4 %","79.4","","","","","0.8 %","126"
"Jair Jurrjens","Braves","22","188.1","1146","1935","3081","62.0 %","91.9","11.8 %","80.5","","","","","26.2 %","84.0","","","","","1.2 %","5556"
"Will Ohman","Braves","30","58.2","370","601","971","63.7 %","89.9","33.9 %","81.2","","","","","2.4 %","83.0","","","","","1.9 %","296"
"Scott Linebrink","White Sox","31","46.1","267","477","744","62.1 %","92.0","13.9 %","80.1","","","","","20.0 %","81.8","4.0 %","79.8","","","1.3 %","564"
"J.A. Happ","Phillies","25","31.2","218","328","546","64.3 %","88.9","","","16.3 %","81.5","1.9 %","70.2","17.6 %","79.5","","","","","2.0 %","7410"
"Doug Waechter","Marlins","27","63.1","328","648","976","49.9 %","90.8","49.1 %","84.7","","","","","1.1 %","83.3","","","","","1.8 %","1814"
"Jeff Bennett","Braves","28","97.1","646","958","1604","73.4 %","91.6","20.3 %","84.2","0.6 %","91.0","2.5 %","80.0","3.1 %","84.8","","","","","2.3 %","1903"
"Matt Garza","Rays","24","184.2","1089","1858","2947","72.2 %","93.2","13.0 %","85.3","","","6.9 %","76.0","7.9 %","84.9","","","","","1.2 %","3340"
"Paul Maholm","Pirates","26","206.1","1108","1934","3042","62.4 %","89.6","11.6 %","80.1","","","15.9 %","73.8","10.1 %","83.5","","","","","1.1 %","8678"
"Todd Wellemeyer","Cardinals","29","191.2","1128","1967","3095","64.2 %","92.3","23.6 %","84.7","","","0.1 %","77.3","12.1 %","85.0","","","","","0.8 %","1709"
"Jamie Moyer","Phillies","45","196.1","1217","1950","3167","40.9 %","81.2","","","29.5 %","79.0","5.8 %","67.9","23.8 %","74.4","","","","","1.3 %","1091"
"Mike Pelfrey","Mets","24","200.2","1301","2022","3323","81.2 %","92.7","12.8 %","84.3","","","0.8 %","73.9","5.2 %","83.2","","","","","1.2 %","5203"
"Jeff Ridgway","Braves","27","9.2","50","105","155","66.5 %","91.4","28.4 %","81.4","","","","","5.2 %","82.9","","","","","","2819"
"Armando Galarraga","Tigers","26","178.2","1055","1725","2780","49.2 %","90.2","38.8 %","84.8","","","0.2 %","63.8","11.8 %","84.2","","","","","1.2 %","4222"
"Huston Street","Athletics","24","70.0","434","720","1154","49.9 %","90.0","39.5 %","84.1","","","","","10.6 %","81.3","","","","","2.6 %","8258"
"Hiroki Kuroda","Dodgers","33","183.1","983","1758","2741","59.3 %","92.0","26.3 %","83.7","2.0 %","88.6","0.2 %","78.2","","","12.2 %","87.2","","","2.2 %","3283"
"John Lackey","Angels","29","163.1","835","1591","2426","60.3 %","90.7","13.8 %","82.0","","","24.5 %","78.6","1.4 %","82.9","","","","","1.2 %","1507"
"Octavio Dotel","White Sox","34","67.0","435","744","1179","83.7 %","92.5","11.0 %","81.2","","","5.4 %","76.7","","","","","","","1.3 %","555"
"Matt Cain","Giants","23","217.2","1280","2326","3606","65.4 %","92.4","13.8 %","85.6","","","10.2 %","76.1","10.7 %","86.4","","","","","2.0 %","4732"
"Trevor Hoffman","Padres","40","45.1","189","448","637","63.2 %","86.0","10.2 %","80.7","","","1.1 %","73.0","25.5 %","74.3","","","","","1.6 %","1035"
"Kyle Lohse","Cardinals","29","200.0","1172","2002","3174","60.1 %","90.8","22.6 %","83.8","","","6.7 %","75.1","10.6 %","82.3","","","","","1.3 %","739"
"Mark Buehrle","White Sox","29","218.2","1204","2185","3389","48.1 %","86.5","3.5 %","79.6","23.0 %","83.2","9.6 %","71.0","15.9 %","78.5","","","","","3.1 %","225"
"Alberto Castillo","Orioles","32","26.0","184","281","465","58.9 %","88.6","35.1 %","77.8","","","0.7 %","73.0","5.4 %","81.9","","","","","0.7 %","3316"
"Jensen Lewis","Indians","24","66.0","417","755","1172","72.2 %","88.7","6.7 %","80.4","","","","","21.1 %","80.6","","","","","2.6 %","3384"
"Gavin Floyd","White Sox","25","206.1","1209","2026","3235","54.7 %","90.9","20.6 %","84.9","","","18.6 %","78.8","6.1 %","81.7","","","","","1.6 %","3886"
"Vladimir Nunez","Braves","33","32.2","233","360","593","44.9 %","89.9","34.3 %","81.4","","","","","17.6 %","82.8","3.2 %","83.4","","","4.7 %","532"
"Sean Marshall","Cubs","25","65.1","371","674","1045","38.1 %","87.8","31.8 %","85.3","","","25.1 %","72.2","5.0 %","83.6","","","","","2.5 %","5905"
"Kiko Calero","Athletics","33","4.2","40","45","85","65.9 %","88.6","29.4 %","79.4","","","","","4.7 %","83.3","","","","","","1676"
"J.J. Putz","Mariners","31","46.1","348","512","860","67.3 %","95.0","9.2 %","86.4","","","2.2 %","76.2","","","21.2 %","85.8","","","1.4 %","1795"
"Tim Byrdak","Astros","34","55.1","353","577","930","56.3 %","89.8","35.0 %","82.0","","","0.2 %","75.0","8.5 %","82.7","","","","","2.0 %","1995"
"Edwar Ramirez","Yankees","27","55.1","337","575","912","53.9 %","89.7","10.0 %","82.2","","","","","36.1 %","79.1","","","","","1.6 %","4830"
"John Lannan","Nationals","23","182.0","1148","1798","2946","61.4 %","87.5","15.6 %","80.3","","","12.5 %","74.5","10.5 %","80.9","","","","","1.7 %","7080"
"Francisco Liriano","Twins","24","76.0","493","777","1270","53.6 %","90.9","26.4 %","83.7","","","","","20.0 %","82.0","","","","","2.2 %","3201"
"Carlos Zambrano","Cubs","27","188.2","1176","1842","3018","66.2 %","91.3","13.0 %","82.2","9.6 %","89.5","0.7 %","68.3","","","10.5 %","84.3","","","3.4 %","305"
"Randy Johnson","Diamondbacks","44","184.0","961","1939","2900","51.4 %","90.8","35.2 %","83.9","","","","","","","13.4 %","84.4","","","1.7 %","60"
"Jorge Campillo","Braves","29","158.2","857","1635","2492","37.1 %","85.6","26.6 %","81.1","","","11.1 %","70.3","25.1 %","74.4","","","","","1.1 %","8686"
"LaTroy Hawkins","- - -","35","62.0","345","611","956","63.4 %","93.3","19.7 %","87.4","","","9.4 %","80.2","7.5 %","84.4","","","","","2.0 %","729"
"Nick Masset","- - -","26","62.0","375","552","927","68.9 %","91.9","16.0 %","87.3","","","12.6 %","80.8","2.6 %","86.6","","","","","2.7 %","7267"
"Bartolo Colon","Red Sox","35","39.0","201","382","583","80.0 %","91.9","14.9 %","84.9","","","","","5.1 %","84.0","","","","","2.1 %","375"
"Doug Brocail","Astros","41","68.2","391","706","1097","66.4 %","91.6","4.1 %","86.9","19.5 %","88.4","8.5 %","77.5","1.5 %","84.0","","","","","2.3 %","551"
"Santiago Casilla","Athletics","27","50.1","352","532","884","69.3 %","94.4","26.1 %","87.4","","","","","4.6 %","88.0","","","","","1.4 %","2873"
"Joel Hanrahan","Nationals","26","84.1","576","908","1484","67.4 %","95.2","30.8 %","85.3","","","","","1.9 %","85.2","","","","","3.2 %","2186"
"Jonathan Albaladejo","Yankees","25","13.2","96","137","233","64.6 %","88.9","30.1 %","81.0","","","5.2 %","71.8","","","","","","","1.3 %","3521"
"D.J. Carrasco","White Sox","31","38.2","234","369","603","41.0 %","90.4","17.4 %","80.3","29.4 %","89.3","10.2 %","75.0","2.0 %","82.1","","","","","2.3 %","1666"
"Chris Young","Padres","29","102.1","650","1093","1743","74.8 %","87.2","18.4 %","78.2","","","1.9 %","70.2","5.0 %","78.6","","","","","1.8 %","3196"
"Aaron Cook","Rockies","29","211.1","1078","1994","3072","81.9 %","91.0","12.2 %","84.4","","","4.3 %","81.3","1.6 %","83.6","","","","","1.6 %","1571"
"Saul Rivera","Nationals","30","84.0","559","869","1428","45.3 %","89.4","34.2 %","84.7","18.5 %","88.5","","","2.0 %","84.2","","","","","1.5 %","2027"
"Freddy Dolsi","Tigers","25","47.2","369","459","828","68.2 %","94.8","12.4 %","84.9","","","","","19.4 %","87.9","","","","","2.2 %","5424"
"Robinson Tejeda","- - -","26","45.1","309","477","786","60.6 %","94.2","18.4 %","83.8","","","","","21.0 %","83.8","","","","","1.2 %","2575"
"Gil Meche","Royals","29","210.1","1314","2241","3555","54.5 %","92.3","16.6 %","88.3","","","17.8 %","78.6","11.1 %","83.7","","","","","4.2 %","1089"
"Kevin Slowey","Twins","24","160.1","794","1722","2516","66.3 %","89.9","14.0 %","85.7","","","11.9 %","74.3","7.8 %","82.8","","","","","0.9 %","9918"
"Ubaldo Jimenez","Rockies","24","198.2","1336","2014","3350","69.8 %","94.9","12.1 %","85.5","","","7.2 %","75.2","9.6 %","85.8","1.2 %","88.5","","","1.1 %","3374"
"Scott Richmond","Blue Jays","28","27.0","167","268","435","54.2 %","90.3","31.3 %","84.4","","","6.1 %","76.6","8.4 %","81.8","","","","","1.6 %","4307"
"Damaso Marte","- - -","33","65.0","407","707","1114","61.3 %","92.4","35.3 %","82.5","","","","","3.4 %","83.9","","","","","1.4 %","247"
"Seth McClung","Brewers","27","105.1","732","1089","1821","71.8 %","93.2","6.8 %","84.1","","","19.3 %","76.7","2.1 %","84.6","","","","","1.7 %","1657"
"Lance Cormier","Orioles","27","71.2","484","758","1242","29.1 %","90.1","","","36.7 %","88.9","33.2 %","77.7","1.1 %","84.2","","","","","1.9 %","4346"
"Josh Beckett","Red Sox","28","174.1","918","1770","2688","66.9 %","94.3","","","2.1 %","90.8","23.7 %","77.0","7.4 %","88.7","","","","","0.7 %","510"
"Jeff Karstens","Pirates","25","51.1","299","532","831","55.9 %","88.9","16.5 %","79.9","","","9.5 %","73.3","18.1 %","78.5","","","","","0.7 %","5879"
"John Parrish","Blue Jays","30","42.1","283","423","706","52.0 %","88.3","31.3 %","82.8","","","","","16.7 %","82.0","","","","","0.9 %","160"
"Kyle McClellan","Cardinals","24","75.2","481","764","1245","50.5 %","92.5","","","27.8 %","87.9","20.1 %","76.0","1.6 %","84.3","","","","","1.4 %","4845"
"Jon Lieber","Cubs","38","46.2","221","475","696","54.5 %","87.2","40.6 %","81.7","","","","","4.9 %","82.3","","","","","3.7 %","287"
"Nick Blackburn","Twins","26","193.1","942","1942","2884","50.1 %","91.2","","","27.9 %","87.0","12.8 %","76.4","9.3 %","81.6","","","","","1.6 %","4270"
"Romulo Sanchez","Pirates","24","13.1","93","123","216","56.3 %","92.3","17.2 %","82.6","","","0.9 %","81.0","25.6 %","83.7","","","","","0.5 %","4170"
"Pedro Feliciano","Mets","31","53.1","358","535","893","55.4 %","86.9","38.6 %","77.3","","","","","6.0 %","75.6","","","","","3.6 %","1601"
"Devern Hansack","Red Sox","30","6.2","31","65","96","52.1 %","91.5","34.4 %","83.0","","","","","13.5 %","86.8","","","","","","4939"
"Ryan Speier","Rockies","28","51.0","269","493","762","63.2 %","90.0","29.6 %","82.5","","","","","4.3 %","80.9","3.0 %","82.2","","","2.0 %","3808"
"Billy Sadler","Giants","26","44.1","312","470","782","64.5 %","93.3","","","","","27.2 %","79.1","8.3 %","85.9","","","","","2.7 %","6235"
"Kyle Davies","Royals","24","113.0","771","1197","1968","61.4 %","91.5","12.4 %","86.7","","","11.7 %","77.2","14.5 %","82.9","","","","","1.1 %","3642"
"Keith Foulke","Athletics","35","31.0","203","339","542","61.7 %","86.0","24.7 %","80.3","","","","","13.6 %","76.7","","","","","0.6 %","231"
"A.J. Burnett","Blue Jays","31","221.1","1416","2234","3650","64.7 %","94.3","1.1 %","85.1","","","29.2 %","81.2","5.0 %","86.8","","","","","0.7 %","512"
"Carlos Villanueva","Brewers","24","108.1","668","1123","1791","36.3 %","88.6","24.1 %","82.9","","","14.4 %","74.3","25.3 %","82.2","","","","","1.7 %","4138"
"Chien-Ming Wang","Yankees","28","95.0","534","876","1410","77.0 %","91.8","17.1 %","85.4","","","","","3.5 %","80.5","2.5 %","85.6","","","1.5 %","2074"
"Ted Lilly","Cubs","32","204.2","1093","2147","3240","49.3 %","87.4","23.5 %","82.7","","","11.6 %","70.3","15.5 %","78.3","","","","","1.5 %","833"
"Brandon McCarthy","Rangers","24","22.0","139","237","376","65.7 %","89.0","17.6 %","75.5","","","","","16.8 %","78.0","","","","","","4662"
"Cla Meredith","Padres","25","70.1","395","673","1068","78.8 %","85.1","18.0 %","76.5","","","","","3.2 %","75.7","","","","","2.5 %","7613"
"Guillermo Mota","Brewers","34","57.0","378","632","1010","54.9 %","94.3","24.8 %","85.6","","","","","20.4 %","85.1","","","","","0.7 %","1467"
"Rich Hill","Cubs","28","19.2","159","194","353","60.9 %","88.3","1.4 %","79.4","","","35.4 %","71.8","2.3 %","81.3","","","","","0.6 %","4806"
"Shawn Camp","Blue Jays","32","39.1","213","391","604","54.7 %","89.1","33.1 %","80.7","","","","","12.3 %","83.1","","","","","2.8 %","1855"
"Tim Wakefield","Red Sox","41","181.0","972","1816","2788","13.3 %","72.9","","","","","5.5 %","59.5","","","","","81.2 %","65.1","1.5 %","219"
"T.J. Beam","Pirates","27","45.2","263","443","706","61.4 %","90.8","35.2 %","82.7","","","","","3.4 %","85.7","","","","","2.6 %","6101"
"Dallas Braden","Athletics","24","71.2","425","718","1143","64.5 %","87.7","15.4 %","77.6","","","","","20.1 %","74.4","","","","","2.3 %","8099"
"Jon Rauch","- - -","29","71.2","375","776","1151","60.0 %","92.0","25.4 %","83.8","","","10.6 %","74.8","4.1 %","84.7","","","","","1.0 %","1475"
"Eddie Guardado","- - -","37","56.1","335","618","953","78.2 %","85.8","10.3 %","78.9","","","0.3 %","72.7","11.2 %","78.6","","","","","1.9 %","727"
"Alberto Arias","- - -","24","21.2","150","204","354","71.8 %","91.1","12.6 %","80.6","","","15.2 %","79.8","0.3 %","86.0","","","","","1.4 %","3087"
"Trever Miller","Rays","35","43.1","264","452","716","60.1 %","86.3","28.4 %","75.6","","","","","11.6 %","80.5","","","","","1.0 %","1672"
"Braden Looper","Cardinals","33","199.0","1191","2040","3231","63.8 %","90.2","16.4 %","84.8","","","","","","","19.8 %","81.9","","","4.3 %","526"
"Greg Smith","Athletics","24","190.1","1242","1851","3093","57.0 %","87.6","15.6 %","81.8","","","6.9 %","74.5","20.5 %","79.5","","","","","1.3 %","3455"
"Wil Ledezma","- - -","27","58.1","456","668","1124","67.9 %","92.7","17.9 %","82.0","","","","","14.2 %","81.7","","","","","0.6 %","1669"
"Garrett Mock","Nationals","25","41.0","288","421","709","60.4 %","90.6","8.2 %","81.1","","","20.4 %","76.7","11.0 %","80.6","","","","","3.4 %","7335"
"John Maine","Mets","27","140.0","946","1594","2540","70.5 %","92.1","10.1 %","84.4","","","1.1 %","76.4","18.4 %","84.3","","","","","2.2 %","4773"
"Jason Frasor","Blue Jays","30","47.1","351","529","880","77.0 %","93.9","20.0 %","83.5","","","","","","","3.1 %","86.0","","","3.9 %","1906"
"Dave Bush","Brewers","28","185.0","1002","1739","2741","51.1 %","88.7","3.4 %","81.5","17.3 %","83.6","16.7 %","69.8","11.5 %","81.9","","","","","1.2 %","4635"
"Scott Olsen","Marlins","24","201.2","1080","2027","3107","63.3 %","87.8","16.6 %","79.9","","","","","20.1 %","81.7","","","","","3.3 %","4529"
"Freddy Garcia","Tigers","31","15.0","81","127","208","45.6 %","88.9","13.2 %","79.0","","","5.4 %","71.7","18.6 %","82.1","17.2 %","79.8","","","1.9 %","1077"
"Leo Rosales","Diamondbacks","27","30.0","190","305","495","59.0 %","89.7","17.8 %","83.7","","","","","23.2 %","79.5","","","","","3.4 %","5618"
"Scott Eyre","- - -","36","25.2","173","283","456","59.0 %","90.9","35.0 %","80.8","","","","","6.1 %","80.7","","","","","1.3 %","1300"
"Chris Sampson","Astros","30","117.1","555","1080","1635","59.3 %","88.0","22.5 %","83.4","","","16.1 %","77.4","2.2 %","81.0","","","","","2.0 %","2651"
"Clay Rapada","Tigers","27","21.1","152","201","353","69.4 %","86.5","27.5 %","77.4","","","","","3.2 %","76.4","","","","","2.0 %","4831"
"Greg Maddux","- - -","42","194.0","845","1725","2570","68.5 %","83.7","2.8 %","79.3","5.7 %","82.7","1.2 %","71.1","21.8 %","78.4","","","","","1.6 %","104"
"Oliver Perez","Mets","26","194.0","1325","2041","3366","69.2 %","91.2","26.9 %","78.8","","","1.3 %","66.6","2.6 %","80.1","","","","","2.2 %","1514"
"Aaron Laffey","Indians","23","93.2","586","909","1495","64.6 %","86.5","18.9 %","78.5","","","","","16.5 %","80.8","","","","","1.0 %","6248"
"Logan Kensing","Marlins","25","55.1","384","606","990","68.1 %","93.0","30.0 %","80.6","","","","","2.0 %","85.4","","","","","2.2 %","6166"
"Justin Miller","Marlins","30","46.2","302","453","755","42.3 %","89.3","50.8 %","79.2","","","","","6.9 %","79.8","","","","","2.5 %","1313"
"Clayton Kershaw","Dodgers","20","107.2","729","1130","1859","71.5 %","94.0","","","","","23.0 %","73.4","5.5 %","85.3","","","","","1.6 %","2036"
"Ramon Troncoso","Dodgers","25","38.0","210","356","566","69.0 %","92.8","0.4 %","88.0","","","29.2 %","79.2","1.4 %","84.6","","","","","1.1 %","4685"
"Zach Miner","Tigers","26","118.0","830","1197","2027","62.9 %","90.7","12.2 %","84.5","","","4.8 %","73.8","20.1 %","80.8","","","","","1.6 %","3193"
"Michael Gonzalez","Braves","30","33.2","230","374","604","57.3 %","92.3","42.1 %","81.3","","","","","0.7 %","80.8","","","","","2.0 %","1794"
"Jeremy Bonderman","Tigers","25","71.1","484","693","1177","63.7 %","91.0","29.9 %","83.4","","","","","6.5 %","84.0","","","","","1.5 %","1667"
"Neal Cotts","Cubs","28","35.2","249","407","656","71.0 %","91.1","27.7 %","85.6","","","","","1.3 %","83.9","","","","","2.6 %","1797"
"Randy Wolf","- - -","31","190.1","1165","2007","3172","59.6 %","88.8","13.2 %","80.1","","","18.4 %","67.3","8.9 %","78.4","","","","","1.1 %","976"
"Jesus Colome","Nationals","30","71.0","483","730","1213","71.4 %","94.9","27.2 %","87.4","","","","","1.4 %","88.8","","","","","2.4 %","1198"
"Yusmeiro Petit","Diamondbacks","23","56.1","293","561","854","55.0 %","86.6","22.3 %","80.6","","","12.6 %","74.1","10.2 %","78.2","","","","","1.4 %","4020"
"Doug Davis","Diamondbacks","32","146.0","997","1481","2478","31.2 %","84.6","","","41.7 %","82.7","17.2 %","69.3","9.8 %","78.4","","","","","1.0 %","1244"
"Duaner Sanchez","Mets","28","58.1","361","590","951","46.4 %","89.8","19.0 %","84.8","","","3.7 %","77.2","30.9 %","79.9","","","","","2.6 %","1518"
"Kevin Jepsen","Angels","23","8.1","64","84","148","70.8 %","94.3","","","","","29.3 %","81.4","","","","","","","0.7 %","6475"
"Jered Weaver","Angels","25","176.2","1081","1960","3041","60.3 %","89.9","15.9 %","79.3","","","6.6 %","72.4","17.3 %","80.7","","","","","1.2 %","4235"
"Tony Pena","Diamondbacks","26","72.2","402","766","1168","63.0 %","95.1","27.6 %","87.4","","","","","9.4 %","86.8","","","","","1.8 %","4573"
"Horacio Ramirez","- - -","28","37.1","206","400","606","60.6 %","90.1","17.3 %","81.3","14.2 %","86.5","1.7 %","78.0","6.2 %","83.6","","","","","1.5 %","110"
"Dana Eveland","Athletics","24","168.0","1096","1588","2684","57.1 %","90.1","23.3 %","82.5","","","8.8 %","78.6","10.8 %","83.0","","","","","1.9 %","5508"
"Odalis Perez","Nationals","31","159.2","992","1711","2703","46.3 %","88.6","","","23.5 %","84.6","8.7 %","77.1","21.5 %","82.4","","","","","2.3 %","668"
"Tyler Clippard","Nationals","23","10.1","82","107","189","64.8 %","88.6","","","","","12.3 %","74.6","22.9 %","78.9","","","","","5.3 %","5640"
"Chad Paronto","Astros","32","10.1","61","94","155","69.7 %","92.0","25.0 %","84.8","","","","","5.3 %","82.9","","","","","1.9 %","399"
"Dustin McGowan","Blue Jays","26","111.1","682","1120","1802","61.0 %","94.8","18.0 %","87.9","","","10.3 %","81.6","10.7 %","86.9","","","","","1.1 %","8600"
"Al Reyes","Rays","38","22.2","142","258","400","61.1 %","86.9","13.6 %","76.8","","","","","25.3 %","78.6","","","","","","1005"
"Andy Sonnanstine","Rays","25","193.1","962","1960","2922","32.7 %","87.0","21.8 %","77.1","30.3 %","86.8","11.0 %","71.6","4.2 %","79.9","","","","","1.2 %","7667"
"John Bale","Royals","34","26.2","128","236","364","61.5 %","87.7","","","","","20.7 %","72.2","17.9 %","80.5","","","","","1.4 %","864"
"Todd Coffey","- - -","27","26.2","175","262","437","69.8 %","92.4","28.8 %","82.0","","","","","","","1.4 %","84.0","","","0.7 %","2467"
"Manny Parra","Brewers","25","166.0","1102","1705","2807","56.3 %","92.4","2.6 %","83.3","","","17.0 %","76.5","13.0 %","84.5","11.2 %","84.7","","","1.1 %","4279"
"Tim Dillard","Brewers","24","14.1","100","141","241","80.5 %","92.8","14.8 %","87.7","","","","","4.7 %","85.3","","","","","2.1 %","5518"
"Chad Gaudin","- - -","25","90.0","544","894","1438","64.2 %","90.3","27.6 %","80.5","","","","","8.2 %","84.8","","","","","1.5 %","1783"
"Glen Perkins","Twins","25","151.0","796","1569","2365","70.3 %","90.7","6.7 %","82.5","","","7.3 %","76.9","15.7 %","83.3","","","","","1.4 %","8041"
"Edwin Jackson","Rays","24","183.1","1182","1874","3056","69.3 %","93.9","21.8 %","86.3","","","1.8 %","78.8","7.1 %","85.7","","","","","1.2 %","1841"
"Renyel Pinto","Marlins","25","64.2","498","653","1151","60.6 %","89.5","7.9 %","79.2","","","","","31.5 %","80.4","","","","","1.5 %","2180"
"Bobby Seay","Tigers","30","56.1","371","608","979","63.0 %","90.8","36.1 %","79.3","","","","","1.0 %","81.8","","","","","3.4 %","1225"
"Kyle Farnsworth","- - -","32","60.1","368","650","1018","65.2 %","94.9","34.7 %","85.6","","","","","0.1 %","87.0","","","","","3.1 %","278"
"Mike Lincoln","Reds","33","70.1","442","691","1133","57.9 %","91.1","4.6 %","84.9","5.2 %","87.9","29.7 %","77.1","2.6 %","84.4","","","","","1.6 %","1457"
"Brandon Duckworth","Royals","32","38.0","265","384","649","54.3 %","89.2","16.8 %","85.1","","","16.5 %","77.2","12.4 %","80.8","","","","","0.2 %","954"
"Jose Capellan","Rockies","27","2.0","10","25","35","62.9 %","87.6","2.9 %","78.0","","","34.3 %","75.0","","","","","","","","2236"
"Jesus Delgado","Marlins","24","2.0","21","23","44","88.6 %","95.4","2.3 %","82.0","","","9.1 %","79.3","","","","","","","","3308"
"Humberto Sanchez","Yankees","25","2.0","14","15","29","65.5 %","90.2","","","17.2 %","89.0","13.8 %","77.8","3.5 %","81.0","","","","","","4303"
"Ricardo Rincon","Mets","38","4.0","24","37","61","31.2 %","86.4","60.7 %","82.1","","","","","8.2 %","83.0","","","","","","401"
"Manny Corpas","Rockies","25","79.2","439","771","1210","65.3 %","91.7","34.2 %","80.5","","","","","0.5 %","80.0","","","","","0.8 %","2807"
"Jason Marquis","Cubs","29","167.0","1020","1639","2659","62.7 %","90.1","16.4 %","83.2","5.0 %","87.8","3.5 %","77.0","12.5 %","83.2","","","","","2.2 %","105"
"Masa Kobayashi","Indians","34","55.2","323","547","870","70.4 %","90.3","23.6 %","85.1","","","","","","","6.1 %","83.4","","","1.4 %","3276"
"Troy Percival","Rays","38","45.2","327","504","831","74.4 %","91.4","3.3 %","82.6","","","11.2 %","76.6","11.1 %","84.7","","","","","0.2 %","29"
"Jose Contreras","White Sox","36","121.0","713","1190","1903","48.0 %","90.5","24.4 %","84.4","","","","","2.8 %","80.6","24.8 %","76.1","","","1.6 %","1660"
"Andy Pettitte","Yankees","36","204.0","1184","2090","3274","52.5 %","88.5","","","30.5 %","83.6","10.7 %","73.6","6.4 %","79.0","","","","","1.5 %","840"
"Brett Myers","Phillies","27","190.0","1076","1940","3016","48.4 %","90.1","18.9 %","84.5","","","23.3 %","77.5","9.2 %","83.6","0.2 %","86.9","","","1.7 %","962"
"Tyler Walker","Giants","32","53.1","317","536","853","46.3 %","91.6","40.3 %","83.0","","","0.1 %","71.0","13.3 %","81.9","","","","","2.0 %","901"
"Josh Outman","Athletics","23","25.2","174","263","437","63.4 %","94.0","15.9 %","82.1","","","8.6 %","76.4","12.1 %","82.7","","","","","1.8 %","4004"
"Brian Moehler","Astros","36","150.0","803","1510","2313","61.7 %","88.9","7.8 %","83.0","12.9 %","86.1","8.0 %","77.9","9.7 %","81.1","","","","","0.7 %","480"
"Nelson Figueroa","Mets","34","45.1","305","499","804","55.5 %","86.9","19.7 %","80.7","","","18.5 %","72.9","6.4 %","80.5","","","","","1.5 %","683"
"Darren O'Day","Angels","25","43.1","251","420","671","60.2 %","86.6","39.5 %","77.7","","","","","0.3 %","82.0","","","","","2.7 %","3321"
"Brandon Medders","Diamondbacks","28","19.2","136","180","316","61.6 %","90.0","10.8 %","85.4","","","26.1 %","73.7","1.6 %","80.5","","","","","1.9 %","8604"
"Bobby Korecky","Twins","28","17.2","113","166","279","55.9 %","91.4","39.1 %","79.0","","","","","5.0 %","83.0","","","","","","4608"
"Jason Hammel","Rays","25","78.1","520","795","1315","63.4 %","92.2","15.5 %","84.6","","","10.0 %","75.2","11.2 %","84.1","","","","","2.1 %","4538"
"Paul Byrd","- - -","37","180.0","814","1718","2532","50.3 %","85.7","22.4 %","79.9","1.4 %","83.4","8.6 %","74.4","17.2 %","78.2","","","","","0.9 %","594"
"Brian Wilson","Giants","26","62.1","458","724","1182","70.9 %","95.8","14.7 %","86.6","13.1 %","88.8","0.8 %","80.0","0.6 %","85.1","","","","","1.3 %","6485"
"Claudio Vargas","Mets","30","37.0","205","358","563","63.0 %","89.3","23.2 %","80.1","","","","","13.9 %","81.4","","","","","0.9 %","1695"
"Philip Humber","Twins","25","11.2","76","108","184","71.6 %","90.1","0.6 %","84.0","","","26.2 %","77.1","1.6 %","81.0","","","","","0.5 %","8586"
"Tyler Yates","Pirates","30","73.1","492","742","1234","76.5 %","94.4","23.4 %","88.8","","","","","0.2 %","86.0","","","","","2.1 %","1527"
"Javier Vazquez","White Sox","31","208.1","1135","2241","3376","53.2 %","91.7","23.1 %","84.7","","","12.8 %","73.9","11.0 %","81.1","","","","","1.0 %","801"
"Sean Green","Mariners","29","79.0","518","843","1361","77.8 %","89.1","","","","","21.3 %","75.8","0.9 %","81.6","","","","","1.8 %","3001"
"Ron Villone","Cardinals","38","50.0","420","551","971","68.0 %","90.1","25.8 %","83.6","","","","","6.2 %","83.3","","","","","2.3 %","1010"
"Jarrod Washburn","Mariners","33","153.2","1026","1610","2636","54.8 %","87.6","11.1 %","77.7","14.3 %","85.6","7.3 %","72.4","12.5 %","80.3","","","","","2.5 %","40"
"Joe Blanton","- - -","27","197.2","1229","2021","3250","56.4 %","89.3","15.1 %","82.1","","","12.4 %","74.5","16.1 %","82.4","","","","","2.9 %","4849"
"Brandon Lyon","Diamondbacks","28","59.1","338","658","996","71.4 %","92.2","1.9 %","89.1","","","25.7 %","75.1","1.0 %","86.0","","","","","0.6 %","1312"
"George Sherrill","Orioles","31","53.1","373","584","957","72.7 %","89.7","22.7 %","76.4","","","","","4.5 %","82.8","","","","","4.5 %","6291"
"Pat Neshek","Twins","27","13.1","72","144","216","45.0 %","89.0","49.8 %","82.6","","","","","5.3 %","67.2","","","","","3.2 %","4682"
"Doug Slaten","Diamondbacks","28","32.1","194","318","512","62.9 %","89.4","33.1 %","80.4","","","","","4.0 %","83.1","","","","","0.8 %","3107"
"Vicente Padilla","Rangers","30","171.0","1081","1819","2900","73.5 %","91.8","13.9 %","81.5","0.9 %","87.6","5.5 %","65.3","","","6.2 %","80.5","","","2.0 %","964"
"Shawn Estes","Padres","35","43.2","320","426","746","73.1 %","88.8","","","","","10.8 %","72.9","16.2 %","82.5","","","","","0.5 %","873"
"Dennis Sarfate","Orioles","27","79.2","633","901","1534","82.1 %","94.3","3.5 %","81.0","","","13.5 %","78.5","","","0.9 %","82.5","","","2.7 %","2174"
"Josh Banks","Padres","25","85.1","514","796","1310","55.3 %","87.3","1.7 %","81.3","12.0 %","85.9","6.9 %","71.1","9.9 %","79.6","10.7 %","75.3","3.6 %","72.2","3.5 %","5570"
"Warner Madrigal","Rangers","24","36.0","232","386","618","61.9 %","93.5","27.0 %","85.4","","","","","","","11.1 %","86.7","","","0.8 %","6419"
"Sean Burnett","Pirates","25","56.2","414","555","969","65.8 %","89.9","28.4 %","80.2","","","","","5.8 %","81.9","","","","","2.3 %","1886"
"Bronson Arroyo","Reds","31","200.0","1290","2146","3436","46.6 %","88.3","19.6 %","74.9","2.9 %","84.6","18.8 %","71.8","12.1 %","79.7","","","","","1.9 %","978"
"Yasuhiko Yabuta","Royals","35","37.2","264","407","671","47.3 %","89.4","6.3 %","82.0","","","","","25.7 %","78.3","20.7 %","80.9","","","1.3 %","3277"
"Aaron Harang","Reds","30","184.1","1049","2006","3055","71.3 %","89.6","23.1 %","81.1","","","2.6 %","74.6","3.0 %","81.1","","","","","1.4 %","1451"
"Cha Seung Baek","- - -","28","141.0","815","1453","2268","45.5 %","91.3","26.2 %","85.8","","","14.2 %","75.6","14.1 %","79.5","","","","","0.8 %","8214"
"Osiris Matos","Giants","23","20.2","121","217","338","63.0 %","90.5","29.0 %","80.8","","","","","8.1 %","81.6","","","","","0.9 %","4100"
"Johnny Cueto","Reds","22","174.0","1124","1912","3036","61.1 %","93.4","32.2 %","85.1","","","","","6.7 %","84.0","","","","","2.0 %","6893"
"Zach Duke","Pirates","25","185.0","1084","1844","2928","61.4 %","88.7","8.7 %","81.4","","","16.3 %","73.7","13.7 %","82.1","","","","","0.9 %","3840"
"Kason Gabbard","Rangers","26","56.0","447","571","1018","54.2 %","86.6","","","","","25.9 %","76.5","19.8 %","80.1","","","","","3.4 %","3418"
"Jailen Peguero","Diamondbacks","27","9.1","54","90","144","64.5 %","92.0","35.5 %","84.5","","","","","","","","","","","0.7 %","2913"
"Vinnie Chulk","Giants","29","31.2","209","330","539","61.9 %","90.5","31.6 %","78.4","","","","","6.4 %","80.4","","","","","2.0 %","1838"
"Justin Verlander","Tigers","25","201.0","1355","2173","3528","63.6 %","93.6","","","","","20.6 %","81.0","15.8 %","83.7","","","","","1.8 %","8700"
"Brian Bass","- - -","26","89.1","518","806","1324","64.2 %","91.2","20.8 %","85.7","","","9.9 %","77.7","5.1 %","83.0","","","","","1.9 %","2219"
"James Parr","Braves","22","22.1","170","275","445","71.7 %","88.3","6.8 %","79.0","","","9.5 %","72.3","12.0 %","78.3","","","","","0.5 %","7734"
"Francis Beltran","Tigers","28","13.0","70","133","203","53.3 %","91.5","18.6 %","80.4","","","","","28.1 %","83.3","","","","","2.0 %","1530"
"Mike Hampton","Braves","35","78.0","459","734","1193","43.7 %","87.7","","","20.7 %","85.3","7.5 %","75.4","28.1 %","82.1","","","","","2.1 %","430"
"Jack Taschner","Giants","30","48.0","367","541","908","57.4 %","90.9","29.9 %","84.4","","","","","12.7 %","83.5","","","","","1.2 %","2766"
"Jon Garland","Angels","28","196.2","1174","2012","3186","63.1 %","90.5","14.7 %","82.5","","","3.9 %","76.0","18.3 %","80.7","","","","","2.3 %","232"
"Bryan Bullington","Indians","27","14.2","71","151","222","65.9 %","90.0","28.1 %","80.2","","","","","6.0 %","85.2","","","","","1.8 %","5066"
"Randor Bierd","Orioles","24","36.2","278","416","694","52.8 %","87.0","25.6 %","80.5","","","","","21.6 %","83.5","","","","","7.2 %","5555"
"Fernando Rodney","Tigers","31","40.1","306","467","773","62.4 %","95.3","2.9 %","87.5","","","","","34.6 %","84.2","","","","","3.2 %","494"
"Jorge De La Rosa","Rockies","27","130.0","903","1353","2256","56.6 %","92.8","16.1 %","84.0","","","9.3 %","73.3","18.0 %","83.5","","","","","1.6 %","2047"
"Tim Redding","Nationals","30","182.0","1202","1936","3138","64.1 %","90.7","18.1 %","84.4","","","11.5 %","77.5","6.4 %","82.9","","","","","1.7 %","573"
"Alan Embree","Athletics","38","61.2","401","657","1058","77.8 %","92.8","22.1 %","80.3","","","","","0.1 %","77.0","","","","","2.5 %","1030"
"Jeff Suppan","Brewers","33","177.2","1119","1708","2827","50.7 %","86.9","24.3 %","82.9","","","9.7 %","72.2","15.4 %","80.2","","","","","5.0 %","633"
"Todd Jones","Tigers","40","41.2","248","443","691","62.6 %","90.2","","","19.3 %","87.6","10.2 %","71.1","7.9 %","80.5","","","","","2.3 %","436"
"Chad Reineke","Padres","26","18.0","138","201","339","65.5 %","89.2","31.5 %","80.3","","","","","3.0 %","77.6","","","","","1.8 %","7641"
"Joaquin Benoit","Rangers","30","45.0","357","492","849","64.6 %","91.7","13.2 %","86.1","0.1 %","90.0","0.2 %","76.0","21.8 %","83.2","","","","","1.8 %","1437"
"Chris Waters","Orioles","27","64.2","425","649","1074","59.4 %","87.7","16.4 %","79.6","","","8.2 %","74.5","16.0 %","80.9","","","","","0.8 %","7015"
"Jeff Francis","Rockies","27","143.2","891","1494","2385","61.0 %","86.8","","","","","13.2 %","70.7","25.8 %","78.8","","","","","1.0 %","4684"
"Wesley Wright","Astros","23","55.2","420","604","1024","70.9 %","91.3","19.4 %","83.7","","","9.7 %","78.1","","","","","","","2.0 %","5960"
"Jonathan Sanchez","Giants","25","158.0","1085","1745","2830","72.7 %","90.8","12.3 %","82.0","","","","","15.0 %","83.8","","","","","1.4 %","7507"
"Oscar Villarreal","Astros","26","37.2","244","368","612","56.5 %","90.0","26.9 %","84.2","","","3.5 %","78.3","13.1 %","83.6","","","","","1.1 %","1654"
"Justin Speier","Angels","34","68.0","441","735","1176","41.1 %","89.7","44.8 %","84.6","","","","","","","14.0 %","80.6","","","2.6 %","451"
"Matt Herges","Rockies","38","64.1","382","659","1041","56.7 %","88.5","","","","","16.4 %","74.3","26.9 %","80.3","","","","","2.3 %","780"
"Sidney Ponson","- - -","31","135.2","845","1319","2164","72.3 %","91.4","11.8 %","82.0","","","6.5 %","76.6","9.5 %","84.1","","","","","1.4 %","161"
"Shawn Chacon","Astros","30","85.2","598","806","1404","70.0 %","88.4","14.4 %","82.2","","","10.8 %","75.1","4.8 %","80.4","","","","","2.6 %","424"
"Geno Espineli","Giants","25","16.0","115","173","288","56.1 %","82.4","10.7 %","75.2","","","","","33.2 %","74.6","","","","","2.8 %","7405"
"Jeff Niemann","Rays","25","16.0","108","171","279","64.4 %","92.3","15.1 %","79.3","","","12.6 %","74.4","","","7.9 %","81.9","","","0.4 %","8591"
"Kevin Millwood","Rangers","33","168.2","929","1781","2710","71.5 %","90.6","16.1 %","85.4","","","8.1 %","72.4","4.3 %","84.3","","","","","1.4 %","106"
"Rafael Betancourt","Indians","33","71.0","410","809","1219","74.1 %","92.0","15.3 %","82.0","","","","","10.7 %","83.7","","","","","2.1 %","177"
"Chris Britton","Yankees","25","23.0","149","249","398","69.3 %","87.3","9.9 %","78.5","","","13.3 %","77.0","7.6 %","76.1","","","","","3.3 %","3600"
"Jason Bergmann","Nationals","26","139.2","830","1449","2279","55.1 %","89.8","17.2 %","85.0","","","21.2 %","76.4","6.5 %","83.3","","","","","3.3 %","4640"
"Julian Tavarez","- - -","35","54.2","421","601","1022","52.6 %","90.7","25.3 %","81.0","","","","","14.5 %","83.6","7.7 %","85.1","","","2.0 %","541"
"Jamey Wright","Rangers","33","84.1","578","875","1453","60.7 %","91.6","","","17.6 %","88.5","18.7 %","78.4","3.0 %","84.8","","","","","1.3 %","715"
"Josh Rupe","Rangers","25","89.1","637","868","1505","67.3 %","91.5","18.3 %","83.4","","","5.7 %","71.1","8.6 %","81.3","","","","","1.3 %","7206"
"Matt Ginter","Indians","30","21.0","115","201","316","69.4 %","89.8","22.3 %","79.7","","","1.3 %","78.0","7.1 %","82.1","","","","","1.6 %","233"
"Charlie Manning","Nationals","29","42.0","324","457","781","49.7 %","87.3","36.2 %","78.0","13.5 %","87.1","","","0.7 %","82.6","","","","","1.9 %","3578"
"Connor Robertson","Diamondbacks","26","7.0","38","78","116","53.6 %","88.6","41.8 %","83.5","","","4.6 %","77.8","","","","","","","5.2 %","7705"
"Joel Pineiro","Cardinals","29","148.2","759","1468","2227","58.6 %","89.6","20.5 %","85.0","","","9.4 %","77.4","11.6 %","83.8","","","","","1.5 %","1094"
"Brad Thompson","Cardinals","26","64.2","354","624","978","65.0 %","88.2","18.1 %","76.9","","","3.8 %","76.1","13.1 %","81.1","","","","","1.5 %","4911"
"Barry Zito","Giants","30","180.0","1278","1928","3206","53.8 %","84.9","9.8 %","77.7","","","16.1 %","70.9","20.4 %","74.1","","","","","1.9 %","944"
"Sean Gallagher","- - -","22","115.1","833","1261","2094","63.1 %","91.9","17.4 %","83.2","","","13.2 %","74.1","6.3 %","81.3","","","","","2.4 %","8261"
"Tom Gordon","Phillies","40","29.2","218","316","534","47.4 %","91.4","36.7 %","86.1","2.8 %","88.7","12.7 %","81.7","0.4 %","82.0","","","","","1.1 %","282"
"Glendon Rusch","- - -","33","83.2","502","913","1415","67.6 %","88.8","11.8 %","81.3","","","10.3 %","74.3","10.4 %","80.4","","","","","2.9 %","707"
"Matt Guerrier","Twins","29","76.1","498","822","1320","55.7 %","91.4","27.0 %","85.9","","","13.5 %","79.6","3.9 %","83.4","","","","","3.3 %","2061"
"Adam Russell","White Sox","25","26.0","172","273","445","71.0 %","94.5","","","","","25.5 %","79.8","3.5 %","83.5","","","","","2.3 %","7334"
"R.A. Dickey","Mariners","33","112.1","742","1172","1914","29.4 %","85.1","","","","","","","3.4 %","74.7","","","67.2 %","73.0","2.5 %","1245"
"Aaron Heilman","Mets","29","76.0","594","891","1485","64.0 %","93.3","12.0 %","83.8","","","","","24.0 %","83.7","","","","","3.0 %","1751"
"Jason Johnson","Dodgers","34","29.1","198","293","491","61.2 %","91.7","22.4 %","83.1","","","13.4 %","77.3","2.9 %","81.2","","","","","0.4 %","147"
"Denny Bautista","- - -","27","60.1","438","661","1099","58.1 %","93.1","33.1 %","86.5","","","8.5 %","81.6","0.4 %","85.7","","","","","1.9 %","1947"
"Brian Falkenborg","- - -","30","22.1","150","238","388","67.7 %","94.3","0.5 %","84.0","0.5 %","89.0","26.9 %","80.3","0.8 %","86.7","3.5 %","87.6","","","3.4 %","1859"
"Brandon Knight","Mets","32","12.0","89","145","234","62.0 %","91.0","20.9 %","82.8","","","13.3 %","76.9","3.9 %","81.3","","","","","","831"
"Daniel Cabrera","Orioles","27","180.0","1244","1776","3020","82.6 %","92.6","15.3 %","81.3","","","","","2.2 %","82.4","","","","","1.3 %","1931"
"Randy Flores","Cardinals","32","25.2","202","291","493","53.9 %","88.8","38.0 %","81.0","","","8.2 %","75.5","","","","","","","3.3 %","1446"
"Phil Dumatrait","Pirates","26","78.2","587","789","1376","65.7 %","90.4","18.1 %","81.8","","","5.5 %","76.8","10.6 %","81.0","","","","","1.4 %","8598"
"Luis Vizcaino","Rockies","33","46.0","296","521","817","45.6 %","91.9","45.5 %","83.3","","","","","","","8.9 %","87.0","","","1.0 %","714"
"Scott Feldman","Rangers","25","151.1","991","1490","2481","63.5 %","90.5","8.9 %","77.5","13.4 %","89.2","8.6 %","74.3","5.7 %","83.0","","","","","1.0 %","6283"
"Jason Davis","Pirates","28","34.0","215","323","538","63.0 %","91.5","11.3 %","80.0","","","","","","","25.7 %","85.3","","","1.3 %","1598"
"Gary Glover","- - -","31","54.1","365","602","967","65.9 %","92.8","23.2 %","86.3","","","4.9 %","77.4","6.0 %","84.7","","","","","3.1 %","234"
"Clay Hensley","Padres","28","39.0","268","354","622","57.2 %","89.5","24.7 %","85.5","","","9.3 %","78.5","8.8 %","80.2","","","","","3.1 %","4593"
"David Riske","Brewers","31","42.1","285","460","745","84.5 %","88.4","1.9 %","78.5","","","0.1 %","72.0","","","13.5 %","78.8","","","0.9 %","402"
"Esteban Loaiza","- - -","36","27.0","132","249","381","57.5 %","84.2","","","31.5 %","79.9","0.3 %","70.0","10.8 %","76.5","","","","","1.3 %","1310"
"David Robertson","Yankees","23","30.1","218","347","565","70.7 %","90.8","","","","","26.2 %","77.8","3.1 %","83.7","","","","","2.5 %","8241"
"Bob Howry","Cubs","34","70.2","410","779","1189","75.1 %","91.2","22.9 %","83.3","","","","","2.1 %","83.0","","","","","1.6 %","237"
"Mark Lowe","Mariners","25","63.2","475","749","1224","64.9 %","94.3","14.7 %","84.9","","","","","20.4 %","85.5","","","","","1.4 %","7416"
"Eddie Bonine","Tigers","27","26.2","135","265","400","56.1 %","87.8","24.2 %","80.0","","","1.3 %","77.6","18.4 %","80.9","","","","","1.0 %","5890"
"Chris Schroder","Nationals","29","5.0","54","57","111","87.2 %","88.5","4.6 %","79.5","","","","","8.3 %","79.1","","","","","1.8 %","3553"
"Darrell Rasner","Yankees","27","113.1","716","1244","1960","52.8 %","88.2","","","28.6 %","85.0","14.3 %","73.3","4.3 %","82.9","","","","","1.0 %","4770"
"Chad Fox","Cubs","37","3.1","32","44","76","32.9 %","92.1","67.1 %","83.4","","","","","","","","","","","1.3 %","684"
"Bobby Parnell","Mets","23","5.0","34","59","93","75.3 %","94.0","21.5 %","86.0","","","","","3.2 %","85.7","","","","","","9926"
"Fernando Cabrera","Orioles","26","28.1","210","316","526","53.4 %","91.7","42.1 %","81.1","","","0.2 %","75.0","0.2 %","84.0","4.1 %","83.2","","","2.1 %","2105"
"Francisco Cruceta","Tigers","26","11.2","88","115","203","53.3 %","93.4","16.2 %","82.1","","","","","","","30.5 %","82.6","","","3.0 %","2104"
"Carlos Muniz","Mets","27","23.1","154","233","387","63.8 %","90.2","31.8 %","82.4","","","","","4.4 %","80.7","","","","","","5878"
"Ian Snell","Pirates","26","164.1","1130","1875","3005","62.2 %","92.2","32.9 %","83.2","","","","","4.9 %","84.2","","","","","1.1 %","2227"
"Eric Gagne","Brewers","32","46.1","301","511","812","58.6 %","92.1","1.6 %","82.1","","","5.5 %","69.7","34.2 %","84.8","","","","","2.1 %","650"
"Roberto Hernandez","Indians","27","120.2","784","1244","2028","80.9 %","92.8","8.8 %","83.2","","","","","10.3 %","85.8","","","","","1.0 %","3273"
"Mark Hendrickson","Marlins","34","133.2","885","1380","2265","69.5 %","87.9","","","0.7 %","85.5","15.1 %","73.1","14.8 %","81.6","","","","","2.1 %","1574"
"Kirk Saarloos","Athletics","29","26.1","145","256","401","53.5 %","85.4","14.0 %","77.7","20.4 %","82.8","","","12.1 %","82.0","","","","","3.2 %","1516"
"Eric Hurley","Rangers","22","24.2","173","268","441","61.9 %","90.1","25.3 %","82.7","","","","","12.8 %","80.6","","","","","0.7 %","8364"
"Matt Harrison","Rangers","22","83.2","535","836","1371","70.6 %","90.2","8.4 %","84.4","","","4.8 %","76.1","16.2 %","80.2","","","","","0.7 %","5551"
"Kyle Kendrick","Phillies","23","155.2","1016","1604","2620","75.1 %","89.7","20.8 %","82.8","","","","","4.1 %","81.1","","","","","1.2 %","6230"
"Luke Hochevar","Royals","24","129.0","793","1284","2077","59.2 %","90.5","21.0 %","82.7","0.5 %","85.4","9.5 %","75.9","9.7 %","82.4","","","","","1.3 %","6943"
"Collin Balester","Nationals","22","80.0","535","812","1347","64.2 %","91.5","","","","","20.9 %","75.1","14.9 %","83.8","","","","","2.8 %","6883"
"David Purcey","Blue Jays","26","65.0","444","666","1110","70.2 %","91.1","16.0 %","84.3","","","8.2 %","74.8","5.7 %","83.4","","","","","0.6 %","8360"
"Tom Glavine","Braves","42","63.1","473","621","1094","53.0 %","82.1","2.1 %","78.1","0.7 %","80.7","1.0 %","67.0","43.2 %","76.1","","","","","2.1 %","90"
"David Aardsma","Red Sox","26","48.2","397","573","970","74.8 %","94.5","13.2 %","83.8","","","","","","","12.0 %","87.2","","","0.9 %","1902"
"Zach Jackson","- - -","25","58.1","341","559","900","61.7 %","88.5","7.0 %","78.7","15.4 %","85.6","4.3 %","73.8","11.6 %","82.3","","","","","0.2 %","8356"
"Anibal Sanchez","Marlins","24","51.2","341","542","883","56.8 %","90.5","18.6 %","81.3","1.1 %","90.0","16.1 %","75.2","7.5 %","83.3","","","","","2.6 %","3284"
"Jeremy Sowers","Indians","25","121.0","737","1286","2023","69.0 %","89.7","17.0 %","80.6","","","","","14.0 %","83.0","","","","","1.0 %","9083"
"Angel Guzman","Cubs","26","9.2","63","97","160","73.6 %","94.3","6.9 %","90.4","","","18.9 %","79.1","0.6 %","85.0","","","","","0.6 %","2145"
"Pedro Martinez","Mets","36","109.0","705","1183","1888","56.1 %","87.7","","","8.9 %","82.7","16.0 %","72.2","19.0 %","76.6","","","","","1.4 %","200"
"Kelvin Jimenez","Cardinals","27","24.0","168","246","414","65.4 %","93.1","23.4 %","85.5","","","","","","","11.2 %","83.3","","","1.0 %","2902"
"Valerio de los Santos","Rockies","35","8.0","85","93","178","53.4 %","90.7","","","15.2 %","87.6","","","31.5 %","84.4","","","","","","681"
"Jaime Garcia","Cardinals","21","16.0","106","158","264","64.5 %","89.4","","","8.8 %","87.8","17.2 %","75.8","9.5 %","83.0","","","","","0.8 %","8137"
"Jack Cassel","Astros","27","30.1","178","298","476","59.9 %","87.8","17.1 %","78.8","","","2.6 %","76.1","20.4 %","77.3","","","","","3.2 %","3052"
"Mike Timlin","Red Sox","42","49.1","289","530","819","62.3 %","91.4","4.3 %","86.1","26.1 %","89.1","","","7.3 %","83.7","","","","","2.6 %","1187"
"Chris Lambert","Tigers","25","20.2","157","254","411","55.6 %","89.7","13.9 %","78.8","","","6.5 %","78.2","24.1 %","80.0","","","","","2.0 %","8047"
"Casey Fossum","Tigers","30","41.1","257","427","684","34.4 %","87.7","46.0 %","82.8","","","19.0 %","73.9","0.6 %","82.3","","","","","2.3 %","188"
"Shairon Martis","Nationals","21","20.2","171","234","405","60.3 %","91.0","10.3 %","81.7","","","9.3 %","76.0","20.1 %","79.9","","","","","4.0 %","6781"
"Pat Misch","Giants","26","52.1","300","515","815","67.6 %","86.2","1.8 %","83.3","","","20.5 %","75.1","10.1 %","80.7","","","","","1.8 %","5909"
"Ray King","Nationals","34","6.1","47","72","119","34.5 %","89.2","65.5 %","81.7","","","","","","","","","","","2.5 %","693"
"Armando Benitez","Blue Jays","35","6.1","32","66","98","49.5 %","93.4","30.9 %","84.4","","","","","5.2 %","84.3","14.4 %","84.6","","","1.0 %","865"
"Jason Isringhausen","Cardinals","35","42.2","281","493","774","43.9 %","91.6","","","32.8 %","88.6","23.3 %","78.8","","","","","","","0.3 %","1158"
"Kenny Rogers","Tigers","43","173.2","1132","1715","2847","55.8 %","85.2","7.7 %","79.1","3.3 %","82.0","9.9 %","73.8","23.3 %","78.6","","","","","1.7 %","1277"
"Luis Ayala","- - -","30","75.2","445","813","1258","62.9 %","91.1","25.5 %","85.0","","","","","11.7 %","84.3","","","","","2.5 %","1650"
"Brian Bannister","Royals","27","182.2","1173","1972","3145","59.6 %","89.0","18.8 %","85.2","","","9.0 %","74.6","12.6 %","84.7","","","","","2.5 %","5718"
"Carl Pavano","Yankees","32","34.1","222","343","565","59.1 %","87.9","19.8 %","79.7","","","","","21.2 %","79.3","","","","","0.5 %","790"
"Adam Eaton","Phillies","30","107.0","707","1094","1801","53.9 %","89.5","11.6 %","80.2","12.3 %","86.9","10.5 %","74.7","11.7 %","82.3","","","","","2.6 %","1029"
"Jo-Jo Reyes","Braves","23","113.0","754","1185","1939","65.7 %","90.7","11.3 %","81.0","","","8.2 %","72.0","14.7 %","81.9","","","","","6.6 %","5559"
"Shawn Hill","Nationals","27","63.1","444","689","1133","73.9 %","89.7","5.5 %","80.5","","","13.8 %","78.0","6.8 %","81.5","","","","","2.4 %","1882"
"Carlos Guevara","Padres","26","12.1","98","130","228","40.1 %","87.2","22.6 %","78.7","","","0.5 %","74.0","36.9 %","77.9","","","","","4.4 %","5692"
"Juan Rincon","- - -","29","55.1","371","610","981","64.8 %","92.0","33.1 %","85.1","","","","","2.2 %","85.7","","","","","0.9 %","752"
"Andrew Miller","Marlins","23","107.1","790","1145","1935","75.1 %","91.5","20.9 %","77.2","","","","","4.1 %","83.6","","","","","2.3 %","6785"
"Kam Mickolio","Orioles","24","7.2","58","87","145","81.9 %","94.1","18.1 %","85.0","","","","","","","","","","","0.7 %","9513"
"Blaine Boyer","Braves","26","72.0","469","795","1264","72.1 %","93.8","1.5 %","84.1","","","19.5 %","76.0","6.9 %","84.1","","","","","1.9 %","2237"
"Chris Resop","Braves","25","18.1","131","199","330","78.6 %","94.0","3.1 %","84.4","","","14.9 %","78.9","3.4 %","82.9","","","","","2.4 %","3799"
"Boof Bonser","Twins","26","118.1","653","1260","1913","57.9 %","91.7","18.3 %","85.9","","","19.4 %","79.7","4.5 %","82.9","","","","","1.6 %","2159"
"Micah Owings","Diamondbacks","25","104.2","633","1119","1752","70.5 %","88.9","20.1 %","82.2","","","","","9.4 %","79.2","","","","","1.3 %","4253"
"Boone Logan","White Sox","23","42.1","275","485","760","45.8 %","91.9","41.5 %","81.2","","","","","12.7 %","83.3","","","","","2.4 %","5525"
"Justin Germano","Padres","25","43.2","265","430","695","63.8 %","84.5","0.6 %","74.0","","","18.5 %","67.1","17.1 %","75.3","","","","","1.7 %","1938"
"Joel Peralta","Royals","32","52.2","285","553","838","49.1 %","90.8","18.7 %","85.3","","","12.9 %","79.1","","","19.3 %","81.3","","","0.6 %","2332"
"Edgar Gonzalez","Diamondbacks","25","48.0","311","538","849","66.8 %","89.8","22.2 %","82.1","","","6.2 %","74.8","4.8 %","79.3","","","","","1.5 %","1727"
"Yhency Brazoban","Dodgers","27","3.0","35","37","72","73.6 %","93.2","26.4 %","87.5","","","","","","","","","","","","2150"
"Wes Littleton","Rangers","25","18.0","118","191","309","67.4 %","87.2","17.8 %","74.0","","","2.0 %","73.8","12.8 %","76.5","","","","","1.6 %","6236"
"C.J. Wilson","Rangers","27","46.1","337","538","875","79.7 %","93.1","14.6 %","81.6","0.1 %","84.0","","","5.6 %","84.0","","","","","1.5 %","3580"
"Brian Burres","Orioles","27","129.2","844","1329","2173","59.5 %","87.9","18.5 %","81.7","","","13.0 %","71.3","9.0 %","78.5","","","","","1.5 %","3425"
"Clayton Richard","White Sox","24","47.2","282","493","775","66.7 %","89.9","12.2 %","79.9","","","","","21.1 %","81.0","","","","","1.8 %","3551"
"Brandon Backe","Astros","30","166.2","1023","1766","2789","48.3 %","89.5","21.3 %","81.8","9.3 %","87.0","12.9 %","73.6","8.2 %","80.6","","","","","0.9 %","1529"
"Livan Hernandez","- - -","33","180.0","1055","1746","2801","72.4 %","83.7","16.6 %","77.6","","","6.7 %","65.2","4.4 %","74.7","","","","","2.8 %","1116"
"Scott Proctor","Dodgers","31","38.2","311","427","738","64.3 %","92.8","22.2 %","83.3","","","11.0 %","74.9","2.6 %","86.3","","","","","1.0 %","1911"
"Kevin Correia","Giants","27","110.0","722","1169","1891","60.0 %","89.1","27.4 %","83.3","","","3.5 %","73.5","9.2 %","82.7","","","","","1.6 %","1767"
"Franquelis Osoria","Pirates","26","60.2","331","622","953","67.1 %","88.6","17.9 %","77.9","","","","","12.8 %","82.6","2.3 %","82.9","","","1.2 %","2860"
"Burke Badenhop","Marlins","25","47.1","319","489","808","71.1 %","89.0","14.6 %","79.0","","","","","14.3 %","81.4","","","","","2.1 %","9736"
"Les Walrond","Phillies","31","10.1","77","99","176","43.0 %","91.1","17.1 %","80.0","13.9 %","79.2","24.7 %","76.6","1.3 %","83.5","","","","","10.2 %","1735"
"Scott Dohmann","Rays","30","14.2","109","151","260","68.1 %","91.9","23.6 %","83.3","","","","","3.5 %","86.0","4.7 %","87.4","","","1.9 %","1936"
"Charlie Morton","Braves","24","74.2","546","810","1356","65.2 %","90.7","8.2 %","83.1","","","10.7 %","75.0","16.0 %","80.2","","","","","1.5 %","4676"
"Jake Woods","Mariners","26","19.0","146","212","358","74.1 %","88.5","","","","","20.3 %","77.4","5.6 %","81.1","","","","","5.0 %","2196"
"Matt Chico","Nationals","25","48.0","326","509","835","54.3 %","87.6","23.4 %","80.5","","","6.8 %","74.8","15.5 %","80.9","","","","","1.2 %","6068"
"Kip Wells","- - -","31","37.2","318","381","699","69.7 %","92.0","12.8 %","84.4","","","10.3 %","78.5","7.1 %","85.5","","","","","1.1 %","1012"
"Craig Hansen","- - -","24","46.1","379","490","869","64.2 %","94.8","35.0 %","86.0","","","","","0.8 %","86.9","","","","","3.0 %","4798"
"Alfredo Simon","Orioles","27","13.0","76","129","205","63.4 %","93.5","","","","","16.6 %","75.1","","","20.0 %","81.8","","","","2155"
"Miguel Batista","Mariners","37","115.0","898","1210","2108","49.3 %","91.4","","","39.6 %","86.1","4.1 %","74.9","1.2 %","78.3","5.9 %","81.3","","","1.9 %","46"
"Brad Penny","Dodgers","30","94.2","642","1048","1690","69.5 %","92.4","","","","","16.0 %","76.2","","","14.5 %","85.5","","","0.7 %","535"
"Brett Tomko","- - -","35","70.0","456","782","1238","58.7 %","92.7","16.7 %","83.4","","","11.2 %","75.6","6.1 %","84.4","7.5 %","85.8","","","2.5 %","1056"
"Nate Robertson","Tigers","30","168.2","1003","1665","2668","59.2 %","88.4","25.1 %","81.9","","","0.2 %","74.8","15.5 %","81.8","","","","","2.2 %","1620"
"Rocky Cherry","Orioles","28","17.0","138","181","319","49.7 %","90.8","46.4 %","81.4","2.0 %","89.2","","","2.0 %","80.4","","","","","4.1 %","5188"
"Franklin Morales","Rockies","22","25.1","216","268","484","72.7 %","90.9","","","","","17.1 %","71.0","10.2 %","79.5","","","","","2.3 %","5088"
"Dustin Nippert","Rangers","27","71.2","541","831","1372","68.8 %","93.5","","","","","13.0 %","77.4","18.2 %","83.9","","","","","1.7 %","4426"
"Matt Wise","Mets","32","7.0","51","83","134","42.1 %","84.2","0.8 %","81.0","","","","","57.1 %","76.5","","","","","0.8 %","42"
"Carlos Silva","Mariners","29","153.1","890","1568","2458","69.1 %","90.1","9.3 %","81.2","","","0.3 %","75.6","21.3 %","80.9","","","","","2.8 %","973"
"Ross Ohlendorf","- - -","25","62.2","402","666","1068","67.7 %","93.2","25.8 %","82.5","","","","","6.5 %","83.4","","","","","1.6 %","8268"
"Kevin Hart","Cubs","25","27.2","235","341","576","43.3 %","92.6","","","42.2 %","86.8","13.5 %","79.0","1.1 %","84.2","","","","","3.3 %","8079"
"Gary Majewski","Reds","28","40.0","260","467","727","67.7 %","91.9","30.7 %","82.3","","","","","1.5 %","83.8","","","","","1.4 %","2131"
"Jeremy Accardo","Blue Jays","26","12.1","78","127","205","70.9 %","93.8","7.5 %","84.0","6.5 %","90.0","","","","","15.1 %","84.2","","","2.9 %","6428"
"Jesse Chavez","Pirates","24","15.0","107","176","283","50.9 %","94.3","27.3 %","87.1","","","","","21.7 %","85.2","","","","","5.3 %","5448"
"Phil Hughes","Yankees","22","34.0","237","393","630","62.4 %","91.2","9.4 %","84.6","","","22.9 %","72.2","5.4 %","80.1","","","","","1.4 %","7450"
"Garrett Olson","Orioles","24","132.2","917","1400","2317","59.5 %","88.6","","","","","27.1 %","80.2","13.4 %","81.2","","","","","1.2 %","9889"
"Tom Gorzelanny","Pirates","25","105.1","807","1095","1902","62.8 %","88.7","7.9 %","80.4","","","8.6 %","74.1","20.6 %","82.5","","","","","6.5 %","6244"
"Radhames Liz","Orioles","24","84.1","633","913","1546","67.2 %","93.7","18.4 %","81.8","","","","","14.4 %","85.7","","","","","1.3 %","5843"
"Justin Thomas","Mariners","24","4.0","35","48","83","31.3 %","89.0","61.5 %","80.8","","","","","7.2 %","81.8","","","","","","9910"
"Clay Buchholz","Red Sox","23","76.0","522","858","1380","47.5 %","92.6","7.6 %","81.4","","","21.4 %","76.9","23.6 %","77.9","","","","","0.4 %","3543"
"Ryan Bukvich","Orioles","30","5.1","49","66","115","69.4 %","93.6","19.8 %","84.9","","","","","","","10.8 %","83.5","","","3.5 %","1531"
"Edward Mujica","Indians","24","38.2","209","405","614","66.5 %","92.5","14.8 %","81.0","","","","","","","18.7 %","86.7","","","3.3 %","3970"
"Dustin Moseley","Angels","26","50.1","342","532","874","65.6 %","88.8","","","","","18.3 %","76.2","16.1 %","80.8","","","","","0.8 %","7060"
"Bryan Corey","- - -","34","45.0","276","485","761","59.6 %","91.1","8.2 %","84.5","15.4 %","87.7","","","16.8 %","81.7","","","","","2.1 %","1439"
"Doug Mathis","Rangers","25","22.1","192","266","458","60.3 %","90.0","22.2 %","84.8","","","7.5 %","76.1","10.0 %","82.0","","","","","1.5 %","3944"
"Jamie Walker","Orioles","36","38.0","229","429","658","38.2 %","84.9","39.2 %","74.8","","","","","22.6 %","76.8","","","","","1.8 %","502"
"Daryl Thompson","Reds","22","14.1","97","188","285","64.2 %","91.8","6.0 %","82.1","","","4.6 %","67.2","25.3 %","81.2","","","","","","6603"
"Evan Meek","Pirates","25","13.0","101","111","212","72.1 %","91.2","12.8 %","83.5","2.5 %","88.0","11.3 %","77.2","1.5 %","86.0","","","","","3.8 %","5109"
"Billy Traber","Yankees","28","16.2","107","179","286","56.9 %","87.1","16.7 %","81.6","","","21.7 %","70.6","4.7 %","77.5","","","","","3.5 %","410"
"Jorge Sosa","Mets","31","21.2","166","245","411","50.3 %","92.2","44.7 %","84.9","","","","","5.1 %","84.0","","","","","1.7 %","1228"
"Jon Niese","Mets","21","14.0","107","160","267","63.3 %","89.4","","","2.6 %","87.6","24.7 %","73.8","9.4 %","81.3","","","","","","4424"
"Lance Broadway","White Sox","24","14.0","88","145","233","58.1 %","89.9","29.3 %","83.6","","","","","12.6 %","81.0","","","","","4.7 %","9885"
"Juan Salas","Rays","29","6.1","48","74","122","48.7 %","91.1","26.1 %","80.0","25.2 %","89.5","","","","","","","","","2.5 %","2533"
"Matt Belisle","Reds","28","29.2","179","337","516","62.9 %","90.6","26.9 %","85.1","","","8.2 %","72.9","2.0 %","83.9","","","","","1.0 %","1837"
"Jason Bulger","Angels","29","16.0","131","177","308","49.3 %","92.9","22.7 %","80.6","","","24.0 %","78.6","4.0 %","84.3","","","","","1.3 %","3915"
"Daniel Herrera","Reds","23","7.1","54","90","144","37.2 %","83.8","5.8 %","80.7","","","29.9 %","73.5","27.0 %","68.1","","","","","4.9 %","4552"
"Brian Sanches","Nationals","29","11.0","82","148","230","48.9 %","89.5","22.0 %","83.3","","","5.3 %","76.0","","","23.8 %","80.5","","","1.3 %","2739"
"Mitchell Boggs","Cardinals","24","34.0","252","325","577","71.4 %","92.9","","","","","24.6 %","78.6","4.0 %","79.2","","","","","0.5 %","3344"
"Lenny DiNardo","Athletics","28","23.0","161","247","408","79.0 %","82.9","","","","","9.6 %","70.7","11.4 %","76.3","","","","","2.9 %","1894"
"Mike Ekstrom","Padres","24","9.2","85","107","192","62.6 %","90.5","29.4 %","84.2","","","","","8.0 %","83.5","","","","","2.6 %","7488"
"Dan Meyer","Athletics","26","27.2","207","336","543","63.9 %","90.3","17.3 %","84.4","","","","","18.8 %","78.2","","","","","0.9 %","4402"
"Dave Borkowski","Astros","31","36.0","242","428","670","71.3 %","89.3","10.9 %","84.0","","","9.4 %","72.9","8.4 %","82.8","","","","","4.2 %","2002"
"Mark Redman","Rockies","34","45.1","285","479","764","52.3 %","83.9","","","21.9 %","81.8","7.2 %","69.5","18.6 %","75.7","","","","","2.4 %","491"
"Joe Borowski","Indians","37","16.2","105","190","295","54.6 %","85.3","41.6 %","77.3","","","","","3.9 %","81.2","","","","","3.1 %","267"
"Tony Armas Jr.","Mets","30","8.1","47","90","137","57.4 %","88.8","36.8 %","81.5","","","0.7 %","76.0","5.2 %","83.4","","","","","0.7 %","761"
"Josh Fogg","Reds","31","78.1","523","844","1367","42.6 %","87.2","5.7 %","80.8","25.0 %","84.7","5.0 %","78.5","21.7 %","81.0","","","","","2.5 %","989"
"Gio Gonzalez","Athletics","22","34.0","297","412","709","63.8 %","89.7","","","","","25.7 %","77.3","10.5 %","82.5","","","","","2.1 %","7448"
"R.J. Swindle","Phillies","24","4.2","33","63","96","47.9 %","83.7","39.4 %","73.4","","","8.5 %","55.0","4.3 %","73.0","","","","","2.1 %","539"
"Sean Henn","Padres","27","9.1","79","105","184","66.5 %","91.6","16.5 %","81.7","","","","","17.0 %","82.2","","","","","1.1 %","2147"
"Ryan Feierabend","Mariners","22","39.2","252","427","679","54.7 %","87.8","13.4 %","79.0","","","5.6 %","73.4","26.4 %","77.4","","","","","2.2 %","6336"
"Rick VandenHurk","Marlins","23","14.0","135","196","331","77.3 %","91.7","10.3 %","83.0","","","5.3 %","70.4","7.1 %","81.8","","","","","2.7 %","5099"
"Jeff Gray","Athletics","26","4.2","33","55","88","77.3 %","93.5","3.4 %","84.3","","","17.1 %","76.8","2.3 %","88.0","","","","","","7718"
"Francisley Bueno","Braves","27","2.1","24","28","52","50.0 %","88.6","","","","","11.5 %","77.5","38.5 %","83.9","","","","","","5980"
"Ehren Wassermann","White Sox","27","19.2","148","228","376","69.5 %","86.7","18.8 %","74.7","","","6.4 %","73.2","5.3 %","76.6","","","","","4.0 %","6380"
"Brad Hennessey","Giants","28","40.1","282","448","730","59.3 %","88.3","27.3 %","83.6","","","2.8 %","76.3","10.7 %","83.1","","","","","1.5 %","3720"
"Marco Estrada","Nationals","24","12.2","95","144","239","56.8 %","90.4","","","","","25.6 %","78.4","17.5 %","78.4","","","","","2.1 %","1118"
"Chris Smith","Red Sox","27","18.1","121","183","304","58.5 %","88.8","18.9 %","77.1","","","","","22.6 %","76.0","","","","","1.0 %","4544"
"Homer Bailey","Reds","22","36.1","246","435","681","71.0 %","91.5","11.4 %","84.4","","","6.7 %","75.6","10.9 %","82.9","","","","","1.9 %","8362"
"Jose Ascanio","Cubs","23","5.2","47","72","119","51.3 %","93.2","12.4 %","80.2","","","4.4 %","75.2","31.9 %","84.9","","","","","5.0 %","3951"
"Mark Worrell","Cardinals","25","5.2","43","75","118","67.9 %","89.2","27.5 %","74.4","","","4.6 %","73.4","","","","","","","7.6 %","8045"
"Wade LeBlanc","Padres","23","21.1","163","242","405","63.5 %","85.5","","","","","8.1 %","72.2","28.4 %","72.5","","","","","2.5 %","5221"
"Adam Loewen","Orioles","24","21.1","180","222","402","67.1 %","89.9","7.9 %","79.8","","","15.6 %","78.1","9.4 %","83.3","","","","","2.5 %","2134"
"Greg Reynolds","Rockies","22","62.0","384","603","987","68.9 %","89.9","","","","","18.4 %","79.5","12.7 %","82.4","","","","","1.3 %","5712"
"Taylor Tankersley","Marlins","25","17.2","142","221","363","57.0 %","88.0","35.3 %","77.4","","","","","7.7 %","80.4","","","","","","8249"
"Ian Kennedy","Yankees","23","39.2","327","462","789","68.1 %","89.0","6.4 %","81.7","","","9.3 %","73.0","16.2 %","80.0","","","","","1.0 %","6986"
"Mike Parisi","Cardinals","25","23.0","195","263","458","62.9 %","91.1","","","1.8 %","85.5","27.4 %","77.7","7.9 %","84.6","","","","","2.8 %","8070"
"Ryan Tucker","Marlins","21","37.0","292","415","707","70.7 %","93.5","8.7 %","85.2","","","","","20.6 %","84.7","","","","","1.0 %","1062"
"Jason Hirsh","Rockies","26","8.2","81","116","197","62.9 %","90.3","17.3 %","85.8","","","7.1 %","76.9","12.7 %","81.9","","","","","","6293"
"Runelvys Hernandez","Astros","30","19.1","126","230","356","61.9 %","92.1","24.7 %","84.8","","","5.4 %","80.7","8.0 %","82.5","","","","","1.1 %","1528"
"Steve Trachsel","Orioles","37","39.2","318","402","720","49.8 %","85.2","","","","","21.1 %","75.9","7.6 %","79.1","21.6 %","80.0","","","9.9 %","898"
"Joe Thatcher","Padres","26","25.2","179","328","507","84.4 %","88.5","13.4 %","79.1","","","0.8 %","77.8","1.4 %","79.8","","","","","2.6 %","4620"
"Fernando Nieve","Astros","25","10.2","75","126","201","71.9 %","92.6","23.0 %","83.6","","","1.0 %","75.5","4.1 %","84.0","","","","","2.5 %","2173"
"Royce Ring","Braves","27","22.1","154","249","403","58.9 %","87.1","","","","","35.5 %","71.7","5.7 %","77.4","","","","","3.5 %","4350"
"Marino Salas","Pirates","26","17.0","161","210","371","74.7 %","91.9","19.2 %","81.3","","","","","","","6.1 %","84.5","","","3.0 %","2432"
"Matt Palmer","Giants","29","12.2","113","139","252","23.3 %","87.6","","","44.1 %","85.7","23.3 %","74.6","9.4 %","83.0","","","","","2.8 %","4457"
"Jason Jennings","Rangers","29","27.1","236","285","521","63.6 %","86.3","26.6 %","80.0","","","","","9.8 %","81.7","","","","","2.3 %","434"
"Brendan Donnelly","Indians","36","13.2","100","153","253","51.2 %","89.8","39.6 %","87.2","","","","","9.2 %","81.6","","","","","1.2 %","1441"
"Josh Newman","- - -","26","15.2","134","198","332","61.4 %","87.4","","","","","10.4 %","74.4","28.2 %","77.3","","","","","0.6 %","7383"
"Jared Wells","- - -","26","8.1","78","93","171","69.8 %","91.4","26.0 %","80.0","","","","","","","4.1 %","82.0","","","0.6 %","5538"
"Luis Mendoza","Rangers","24","63.1","480","686","1166","76.4 %","91.7","12.9 %","81.6","","","4.2 %","76.5","6.5 %","83.2","","","","","1.5 %","3126"
"Jimmy Gobble","Royals","26","31.2","270","364","634","59.9 %","89.9","33.7 %","83.8","","","0.2 %","79.0","6.3 %","82.6","","","","","1.9 %","1791"
"Jamie Burke","Mariners","36","1.0","7","11","18","87.5 %","83.0","","","","","12.5 %","73.5","","","","","","","11.1 %","6"
"Nick Adenhart","Angels","21","12.0","112","126","238","63.2 %","91.7","","","","","19.9 %","75.6","16.9 %","82.7","","","","","2.9 %","6879"
"Jeff Fulchino","Royals","28","14.0","114","165","279","70.7 %","93.1","23.1 %","84.2","","","","","","","6.2 %","86.1","","","2.2 %","3532"
"Steven Register","Rockies","25","10.0","71","116","187","55.5 %","90.5","29.1 %","82.8","","","","","15.4 %","82.6","","","","","2.7 %","7463"
"Josh Roenicke","Reds","25","3.0","25","37","62","90.3 %","94.8","","","","","8.1 %","79.8","1.6 %","84.0","","","","","","3241"
"Micah Bowie","Rockies","33","8.0","62","87","149","46.6 %","88.8","42.6 %","80.1","","","0.7 %","74.0","10.1 %","81.1","","","","","0.7 %","1561"
"Chuck James","Braves","26","29.2","216","303","519","70.1 %","87.8","3.0 %","79.0","","","","","27.0 %","78.3","","","","","2.1 %","4886"
"Dontrelle Willis","Tigers","26","24.0","259","264","523","73.1 %","88.5","22.1 %","80.5","","","","","4.8 %","80.7","","","","","1.2 %","1703"
"Matt Morris","Pirates","33","22.1","167","293","460","45.3 %","85.9","25.4 %","80.7","","","23.4 %","70.3","6.0 %","78.5","","","","","0.9 %","1172"
"Dirk Hayhurst","Padres","27","16.2","136","210","346","57.1 %","89.3","6.5 %","81.5","","","25.0 %","74.7","11.5 %","80.1","","","","","1.7 %","6010"
"Yoslan Herrera","Pirates","27","18.1","156","202","358","59.2 %","88.7","","","","","20.0 %","75.6","20.9 %","81.2","","","","","0.8 %","7759"
"Chris Bootcheck","Angels","29","16.0","131","206","337","67.2 %","92.5","25.3 %","84.4","4.5 %","88.7","3.0 %","80.7","","","","","","","1.5 %","1842"
"Devon Lowery","Royals","25","4.1","36","63","99","63.6 %","92.3","21.2 %","83.2","","","","","15.2 %","79.7","","","","","","3500"
"Jimmy Barthmaier","Pirates","24","10.1","87","123","210","68.9 %","90.4","","","","","16.0 %","74.8","15.1 %","82.7","","","","","1.4 %","6292"
"John Van Benschoten","Pirates","28","22.1","204","276","480","66.0 %","90.6","13.4 %","83.7","","","14.0 %","74.8","6.6 %","84.2","","","","","1.5 %","2228"
"Lee Gardner","Marlins","33","6.2","60","91","151","63.1 %","86.5","14.1 %","85.0","","","10.1 %","71.6","12.8 %","82.1","","","","","0.7 %","1448"
"Enrique Gonzalez","Padres","25","3.1","23","31","54","51.9 %","91.6","40.7 %","85.4","","","3.7 %","78.0","3.7 %","84.0","","","","","","2568"
"Tom Mastny","Indians","27","20.0","157","224","381","70.4 %","88.2","8.9 %","83.3","","","17.8 %","78.7","3.0 %","83.1","","","","","2.6 %","5768"
"Mark Mulder","Cardinals","30","1.2","22","21","43","83.3 %","89.9","","","","","11.9 %","73.3","4.8 %","82.0","","","","","2.3 %","932"
"Mitch Talbot","Rays","24","9.2","94","115","209","46.4 %","91.5","","","14.4 %","87.8","16.3 %","79.6","23.0 %","82.7","","","","","","4961"
"Levale Speigner","Nationals","27","8.0","66","92","158","53.0 %","91.2","36.4 %","82.9","","","7.3 %","78.8","3.3 %","84.4","","","","","4.4 %","5717"
"David Pauley","Red Sox","25","12.1","102","164","266","68.1 %","89.8","6.1 %","81.8","","","18.6 %","74.5","7.2 %","80.7","","","","","1.1 %","3625"
"Scott Elbert","Dodgers","22","6.0","55","76","131","64.1 %","92.3","34.4 %","83.2","","","","","1.5 %","82.0","","","","","","7489"
"Greg Aquino","Orioles","30","9.1","88","119","207","51.1 %","93.2","46.8 %","82.5","","","","","2.1 %","83.5","","","","","31.9 %","1899"
"Mike O'Connor","Nationals","27","9.0","82","90","172","57.3 %","85.0","2.9 %","80.0","","","19.9 %","73.4","19.9 %","75.9","","","","","0.6 %","6457"
"Rick Bauer","Indians","31","6.0","42","76","118","74.6 %","91.2","25.4 %","82.2","","","","","","","","","","","","125"
"Kei Igawa","Yankees","28","4.0","29","49","78","74.0 %","87.4","1.3 %","75.0","","","14.3 %","73.2","10.4 %","76.3","","","","","1.3 %","7794"
"Cedrick Bowers","Rockies","30","6.2","59","75","134","71.6 %","90.1","","","","","15.7 %","75.5","12.7 %","77.8","","","","","","3293"
"Eddie Kunz","Mets","22","2.2","26","29","55","92.3 %","92.9","7.7 %","87.8","","","","","","","","","","","3.6 %","2862"
"Carmen Pignatiello","Cubs","25","0.2","16","12","28","32.1 %","85.1","","","","","67.9 %","77.6","","","","","","","","3088"
"Derrick Turnbow","Brewers","30","6.1","83","87","170","83.1 %","92.9","","","","","16.3 %","81.6","0.6 %","84.0","","","","","2.4 %","1694"
"Bob McCrory","Orioles","26","6.1","86","92","178","81.5 %","95.7","13.5 %","87.1","","","5.1 %","77.9","","","","","","","","5924"
"Tommy Hunter","Rangers","21","11.0","81","133","214","67.3 %","91.2","0.9 %","83.0","","","27.1 %","78.7","4.7 %","85.4","","","","","","1157"
"Charlie Zink","Red Sox","28","4.1","29","55","84","21.4 %","82.2","4.8 %","76.5","","","","","","","","","73.8 %","68.5","","4180"
"Charlie Haeger","Padres","24","4.1","49","62","111","25.5 %","83.7","0.9 %","79.0","","","1.8 %","74.0","","","","","71.8 %","68.2","0.9 %","3545"
"Frankie de la Cruz","Marlins","24","9.0","91","117","208","78.4 %","93.8","1.4 %","79.7","","","","","20.2 %","86.2","","","","","","3920"
"Fernando Hernandez","Athletics","23","3.0","38","43","81","62.5 %","90.1","1.3 %","82.0","","","28.8 %","78.7","7.5 %","79.3","","","","","1.2 %","5536"
"Hideo Nomo","Royals","39","4.1","46","64","110","56.9 %","85.4","7.3 %","80.5","","","","","","","35.8 %","75.6","","","0.9 %","666"
"Eric O'Flaherty","Mariners","23","6.2","60","98","158","51.0 %","90.5","41.6 %","82.3","","","","","7.4 %","82.1","","","","","5.7 %","5746"
"Adam Pettyjohn","Reds","31","4.0","42","50","92","33.3 %","85.7","18.4 %","78.0","","","","","48.3 %","79.0","","","","","5.4 %","489"
"Bill White","Rangers","29","4.0","60","59","119","61.4 %","89.8","31.6 %","79.9","","","","","7.0 %","82.1","","","","","4.2 %","3089"
"Kazuo Fukumori","Rangers","31","4.0","39","60","99","76.0 %","88.9","","","","","6.3 %","74.8","11.5 %","84.8","6.3 %","85.7","","","3.0 %","3288"
"Kyle Snyder","Red Sox","30","1.2","15","12","27","48.2 %","89.3","18.5 %","85.3","","","14.8 %","","18.5 %","82.5","","","","","","1689"
"Elmer Dessens","Braves","37","4.0","43","57","100","68.0 %","89.4","16.5 %","83.6","","","3.1 %","75.7","12.4 %","82.3","","","","","3.0 %","317"
"Rich Thompson","Angels","23","2.0","23","32","55","61.8 %","91.4","","","","","36.4 %","76.1","1.8 %","84.0","","","","","","6422"
"Yorman Bazardo","Tigers","23","3.0","39","39","78","63.5 %","89.0","10.8 %","84.4","","","","","25.7 %","79.9","","","","","5.1 %","3143"
"Brian Slocum","Indians","27","2.0","17","33","50","64.0 %","89.7","26.0 %","78.2","","","","","10.0 %","79.0","","","","","","4705"
"Elizardo Ramirez","Rangers","25","2.2","28","42","70","68.6 %","88.7","","","","","12.9 %","76.1","18.6 %","83.0","","","","","","1946"
"Matt DeSalvo","Braves","27","2.0","26","49","75","58.7 %","91.2","9.3 %","83.9","","","12.0 %","76.7","20.0 %","78.2","","","","","","5439"
